 &lt;a href='http://tvtropes.org/pmwiki/pmwiki.php/Main/BloodyTropes' title='http://tvtropes.org/pmwiki/pmwiki.php/Main/BloodyTropes'&gt;Bloody Tropes&lt;/a&gt;,
 &lt;a href='http://tvtropes.org/pmwiki/pmwiki.php/Main/CosmicHorrorStory' title='http://tvtropes.org/pmwiki/pmwiki.php/Main/CosmicHorrorStory'&gt;Cosmic Horror Story&lt;/a&gt;,
 &lt;a href='http://tvtropes.org/pmwiki/pmwiki.php/Main/LovecraftianTropes' title='http://tvtropes.org/pmwiki/pmwiki.php/Main/LovecraftianTropes'&gt;Lovecraftian Tropes&lt;/a&gt;,
 &lt;a href='http://tvtropes.org/pmwiki/pmwiki.php/Main/GothicHorror' title='http://tvtropes.org/pmwiki/pmwiki.php/Main/GothicHorror'&gt;Gothic Horror&lt;/a&gt;,
&lt;a href='http://tvtropes.org/pmwiki/pmwiki.php/Main/HammerHorror' title='http://tvtropes.org/pmwiki/pmwiki.php/Main/HammerHorror'&gt;Hammer Horror&lt;/a&gt;,
 &lt;a href='http://tvtropes.org/pmwiki/pmwiki.php/Main/MadnessTropes' title='http://tvtropes.org/pmwiki/pmwiki.php/Main/MadnessTropes'&gt;Madness Tropes&lt;/a&gt;,
 &lt;a href='http://tvtropes.org/pmwiki/pmwiki.php/Main/NightmareFuel' title='http://tvtropes.org/pmwiki/pmwiki.php/Main/NightmareFuel'&gt;Nightmare Fuel&lt;/a&gt;,
 &lt;a href='http://tvtropes.org/pmwiki/pmwiki.php/Main/PsychologicalHorror' title='http://tvtropes.org/pmwiki/pmwiki.php/Main/PsychologicalHorror'&gt;Psychological Horror&lt;/a&gt;,
 &lt;a href='http://tvtropes.org/pmwiki/pmwiki.php/Main/ReligiousHorror' title='http://tvtropes.org/pmwiki/pmwiki.php/Main/ReligiousHorror'&gt;Religious Horror&lt;/a&gt;,
 &lt;a href='http://tvtropes.org/pmwiki/pmwiki.php/Main/SlasherMovie' title='http://tvtropes.org/pmwiki/pmwiki.php/Main/SlasherMovie'&gt;Slasher Movie&lt;/a&gt;,
 &lt;a href='http://tvtropes.org/pmwiki/pmwiki.php/Main/SubvertedInnocence' title='http://tvtropes.org/pmwiki/pmwiki.php/Main/SubvertedInnocence'&gt;Subverted Innocence&lt;/a&gt;,
 &lt;a href='http://tvtropes.org/pmwiki/pmwiki.php/Main/SurvivalHorror' title='http://tvtropes.org/pmwiki/pmwiki.php/Main/SurvivalHorror'&gt;Survival Horror&lt;/a&gt;,
 &lt;a href='http://tvtropes.org/pmwiki/pmwiki.php/Main/TropesOfTheLivingDead' title='http://tvtropes.org/pmwiki/pmwiki.php/Main/TropesOfTheLivingDead'&gt;Tropes of The Living Dead&lt;/a&gt;,
 &lt;a href='http://tvtropes.org/pmwiki/pmwiki.php/Main/ZombieStories' title='http://tvtropes.org/pmwiki/pmwiki.php/Main/ZombieStories'&gt;Zombie Stories&lt;/a&gt;,
 &lt;a href='http://tvtropes.org/pmwiki/pmwiki.php/Main/VampireTropes' title='http://tvtropes.org/pmwiki/pmwiki.php/Main/VampireTropes'&gt;Vampire Tropes&lt;/a&gt;,
 &lt;a href='http://tvtropes.org/pmwiki/pmwiki.php/Main/VampireFiction' title='http://tvtropes.org/pmwiki/pmwiki.php/Main/VampireFiction'&gt;Vampire Fiction&lt;/a&gt;,
 &lt;a href='http://tvtropes.org/pmwiki/pmwiki.php/Main/UniversalHorror' title='http://tvtropes.org/pmwiki/pmwiki.php/Main/UniversalHorror'&gt;Universal Horror&lt;/a&gt;,
 &lt;a href='http://tvtropes.org/pmwiki/pmwiki.php/Main/WerebeastTropes' title='http://tvtropes.org/pmwiki/pmwiki.php/Main/WerebeastTropes'&gt;Werebeast Tropes&lt;/a&gt;,
 &lt;a href='http://tvtropes.org/pmwiki/pmwiki.php/Main/WerewolfWorks' title='http://tvtropes.org/pmwiki/pmwiki.php/Main/WerewolfWorks'&gt;Werewolf Works&lt;/a&gt;,
 &lt;a href='http://tvtropes.org/pmwiki/pmwiki.php/Main/AbandonedArea' title='http://tvtropes.org/pmwiki/pmwiki.php/Main/AbandonedArea'&gt;Abandoned Area&lt;/a&gt;,
 &lt;a href='http://tvtropes.org/pmwiki/pmwiki.php/Main/AbandonedHospital' title='http://tvtropes.org/pmwiki/pmwiki.php/Main/AbandonedHospital'&gt;Abandoned Hospital&lt;/a&gt;,
 &lt;a href='http://tvtropes.org/pmwiki/pmwiki.php/Main/AbandonedHospitalAwakening' title='http://tvtropes.org/pmwiki/pmwiki.php/Main/AbandonedHospitalAwakening'&gt;Abandoned Hospital Awakening&lt;/a&gt;,
 &lt;a href='http://tvtropes.org/pmwiki/pmwiki.php/Main/AbandonedPlayground' title='http://tvtropes.org/pmwiki/pmwiki.php/Main/AbandonedPlayground'&gt;Abandoned Playground&lt;/a&gt;,
 &lt;a href='http://tvtropes.org/pmwiki/pmwiki.php/Main/AbandonedWarehouse' title='http://tvtropes.org/pmwiki/pmwiki.php/Main/AbandonedWarehouse'&gt;Abandoned Warehouse&lt;/a&gt;,
 &lt;a href='http://tvtropes.org/pmwiki/pmwiki.php/Main/GhostCity' title='http://tvtropes.org/pmwiki/pmwiki.php/Main/GhostCity'&gt;Ghost City&lt;/a&gt;,
 &lt;a href='http://tvtropes.org/pmwiki/pmwiki.php/Main/GhostTown' title='http://tvtropes.org/pmwiki/pmwiki.php/Main/GhostTown'&gt;Ghost Town&lt;/a&gt;,
 &lt;a href='http://tvtropes.org/pmwiki/pmwiki.php/Main/GhostPlanet' title='http://tvtropes.org/pmwiki/pmwiki.php/Main/GhostPlanet'&gt;Ghost Planet&lt;/a&gt;,
 &lt;a href='http://tvtropes.org/pmwiki/pmwiki.php/Main/HauntedCastle' title='http://tvtropes.org/pmwiki/pmwiki.php/Main/HauntedCastle'&gt;Haunted Castle&lt;/a&gt;,
 &lt;a href='http://tvtropes.org/pmwiki/pmwiki.php/Main/HauntedHouse' title='http://tvtropes.org/pmwiki/pmwiki.php/Main/HauntedHouse'&gt;Haunted House&lt;/a&gt;,
 &lt;a href='http://tvtropes.org/pmwiki/pmwiki.php/Main/AbsurdlyIneffectiveBarricade' title='http://tvtropes.org/pmwiki/pmwiki.php/Main/AbsurdlyIneffectiveBarricade'&gt;Absurdly Ineffective Barricade&lt;/a&gt;,
 &lt;a href='http://tvtropes.org/pmwiki/pmwiki.php/Main/TheAdjectivalMan' title='http://tvtropes.org/pmwiki/pmwiki.php/Main/TheAdjectivalMan'&gt;The Adjectival Man&lt;/a&gt;,
 &lt;a href='http://tvtropes.org/pmwiki/pmwiki.php/Main/AfterlifeExpress' title='http://tvtropes.org/pmwiki/pmwiki.php/Main/AfterlifeExpress'&gt;Afterlife Express&lt;/a&gt;,
 &lt;a href='http://tvtropes.org/pmwiki/pmwiki.php/Main/AlienGeometries' title='http://tvtropes.org/pmwiki/pmwiki.php/Main/AlienGeometries'&gt;Alien Geometries&lt;/a&gt;,
 &lt;a href='http://tvtropes.org/pmwiki/pmwiki.php/Main/AllHallowsEve' title='http://tvtropes.org/pmwiki/pmwiki.php/Main/AllHallowsEve'&gt;All Hallows' Eve&lt;/a&gt;,
 &lt;a href='http://tvtropes.org/pmwiki/pmwiki.php/Main/AllInTheEyes' title='http://tvtropes.org/pmwiki/pmwiki.php/Main/AllInTheEyes'&gt;All in the Eyes&lt;/a&gt;,
 &lt;a href='http://tvtropes.org/pmwiki/pmwiki.php/Main/AllWebbedUp' title='http://tvtropes.org/pmwiki/pmwiki.php/Main/AllWebbedUp'&gt;All Webbed Up&lt;/a&gt;,
 &lt;a href='http://tvtropes.org/pmwiki/pmwiki.php/Main/Alucard' title='http://tvtropes.org/pmwiki/pmwiki.php/Main/Alucard'&gt;Alucard&lt;/a&gt;,
 &lt;a href='http://tvtropes.org/pmwiki/pmwiki.php/Main/AlwaysNight' title='http://tvtropes.org/pmwiki/pmwiki.php/Main/AlwaysNight'&gt;Always Night&lt;/a&gt;,
 &lt;a href='http://tvtropes.org/pmwiki/pmwiki.php/Main/AnalProbing' title='http://tvtropes.org/pmwiki/pmwiki.php/Main/AnalProbing'&gt;Anal Probing&lt;/a&gt;,
 &lt;a href='http://tvtropes.org/pmwiki/pmwiki.php/Main/AncientTomb' title='http://tvtropes.org/pmwiki/pmwiki.php/Main/AncientTomb'&gt;Ancient Tomb&lt;/a&gt;,
 &lt;a href='http://tvtropes.org/pmwiki/pmwiki.php/Main/AndIMustScream' title='http://tvtropes.org/pmwiki/pmwiki.php/Main/AndIMustScream'&gt;And I Must Scream&lt;/a&gt;,
 &lt;a href='http://tvtropes.org/pmwiki/pmwiki.php/Main/AndShowItToYou' title='http://tvtropes.org/pmwiki/pmwiki.php/Main/AndShowItToYou'&gt;And Show It to You&lt;/a&gt;,
 &lt;a href='http://tvtropes.org/pmwiki/pmwiki.php/Main/AnkleDrag' title='http://tvtropes.org/pmwiki/pmwiki.php/Main/AnkleDrag'&gt;Ankle Drag&lt;/a&gt;,
 &lt;a href='http://tvtropes.org/pmwiki/pmwiki.php/Main/AnotherMansTerror' title='http://tvtropes.org/pmwiki/pmwiki.php/Main/AnotherMansTerror'&gt;Another Man's Terror&lt;/a&gt;,
 &lt;a href='http://tvtropes.org/pmwiki/pmwiki.php/Main/ApocalypticLog' title='http://tvtropes.org/pmwiki/pmwiki.php/Main/ApocalypticLog'&gt;Apocalyptic Log&lt;/a&gt;,
 &lt;a href='http://tvtropes.org/pmwiki/pmwiki.php/Main/ArtifactOfDoom' title='http://tvtropes.org/pmwiki/pmwiki.php/Main/ArtifactOfDoom'&gt;Artifact of Doom&lt;/a&gt;,
 &lt;a href='http://tvtropes.org/pmwiki/pmwiki.php/Main/ArtifactOfDeath' title='http://tvtropes.org/pmwiki/pmwiki.php/Main/ArtifactOfDeath'&gt;Artifact of Death&lt;/a&gt;,
 &lt;a href='http://tvtropes.org/pmwiki/pmwiki.php/Main/SummoningArtifact' title='http://tvtropes.org/pmwiki/pmwiki.php/Main/SummoningArtifact'&gt;Summoning Artifact&lt;/a&gt;,
 &lt;a href='http://tvtropes.org/pmwiki/pmwiki.php/Main/TomeOfEldritchLore' title='http://tvtropes.org/pmwiki/pmwiki.php/Main/TomeOfEldritchLore'&gt;Tome of Eldritch Lore&lt;/a&gt;,
 &lt;a href='http://tvtropes.org/pmwiki/pmwiki.php/Main/AttackOfThe50FootWhatever' title='http://tvtropes.org/pmwiki/pmwiki.php/Main/AttackOfThe50FootWhatever'&gt;Attack of the 50-Foot Whatever&lt;/a&gt;,
 &lt;a href='http://tvtropes.org/pmwiki/pmwiki.php/Main/AttackOfTheKillerWhatever' title='http://tvtropes.org/pmwiki/pmwiki.php/Main/AttackOfTheKillerWhatever'&gt;Attack of the Killer Whatever&lt;/a&gt;,
 &lt;a href='http://tvtropes.org/pmwiki/pmwiki.php/Main/AttackOfTheMonsterAppendage' title='http://tvtropes.org/pmwiki/pmwiki.php/Main/AttackOfTheMonsterAppendage'&gt;Attack of the Monster Appendage&lt;/a&gt;,
 &lt;a href='http://tvtropes.org/pmwiki/pmwiki.php/Main/Autocannibalism' title='http://tvtropes.org/pmwiki/pmwiki.php/Main/Autocannibalism'&gt;Autocannibalism&lt;/a&gt;,
 &lt;a href='http://tvtropes.org/pmwiki/pmwiki.php/Main/AxCrazy' title='http://tvtropes.org/pmwiki/pmwiki.php/Main/AxCrazy'&gt;Ax-Crazy&lt;/a&gt;,
 &lt;a href='http://tvtropes.org/pmwiki/pmwiki.php/Main/BackstoryHorror' title='http://tvtropes.org/pmwiki/pmwiki.php/Main/BackstoryHorror'&gt;Backstory Horror&lt;/a&gt;,
 &lt;a href='http://tvtropes.org/pmwiki/pmwiki.php/Main/BadBlackBarf' title='http://tvtropes.org/pmwiki/pmwiki.php/Main/BadBlackBarf'&gt;Bad Black Barf&lt;/a&gt;,
 &lt;a href='http://tvtropes.org/pmwiki/pmwiki.php/Main/BadHumorTruck' title='http://tvtropes.org/pmwiki/pmwiki.php/Main/BadHumorTruck'&gt;Bad Humor Truck&lt;/a&gt;,
 &lt;a href='http://tvtropes.org/pmwiki/pmwiki.php/Main/BarredFromTheAfterlife' title='http://tvtropes.org/pmwiki/pmwiki.php/Main/BarredFromTheAfterlife'&gt;Barred from the Afterlife&lt;/a&gt;,
 &lt;a href='http://tvtropes.org/pmwiki/pmwiki.php/Main/BarrierBustingBlow' title='http://tvtropes.org/pmwiki/pmwiki.php/Main/BarrierBustingBlow'&gt;Barrier-Busting Blow&lt;/a&gt;,
 &lt;a href='http://tvtropes.org/pmwiki/pmwiki.php/Main/BatOutOfHell' title='http://tvtropes.org/pmwiki/pmwiki.php/Main/BatOutOfHell'&gt;Bat out of Hell&lt;/a&gt;,
 &lt;a href='http://tvtropes.org/pmwiki/pmwiki.php/Main/BatScare' title='http://tvtropes.org/pmwiki/pmwiki.php/Main/BatScare'&gt;Bat Scare&lt;/a&gt;,
 &lt;a href='http://tvtropes.org/pmwiki/pmwiki.php/Main/BearTrap' title='http://tvtropes.org/pmwiki/pmwiki.php/Main/BearTrap'&gt;Bear Trap&lt;/a&gt;,
 &lt;a href='http://tvtropes.org/pmwiki/pmwiki.php/Main/BeatStillMyHeart' title='http://tvtropes.org/pmwiki/pmwiki.php/Main/BeatStillMyHeart'&gt;Beat Still My Heart&lt;/a&gt;,
 &lt;a href='http://tvtropes.org/pmwiki/pmwiki.php/Main/BellyMouth' title='http://tvtropes.org/pmwiki/pmwiki.php/Main/BellyMouth'&gt;Belly Mouth&lt;/a&gt;,
 &lt;a href='http://tvtropes.org/pmwiki/pmwiki.php/Main/BewareOfHitchhikingGhosts' title='http://tvtropes.org/pmwiki/pmwiki.php/Main/BewareOfHitchhikingGhosts'&gt;Beware of Hitchhiking Ghosts&lt;/a&gt;,
 &lt;a href='http://tvtropes.org/pmwiki/pmwiki.php/Main/TheBlank' title='http://tvtropes.org/pmwiki/pmwiki.php/Main/TheBlank'&gt;The Blank&lt;/a&gt;,
 &lt;a href='http://tvtropes.org/pmwiki/pmwiki.php/Main/BloodBath' title='http://tvtropes.org/pmwiki/pmwiki.php/Main/BloodBath'&gt;Blood Bath&lt;/a&gt;,
 &lt;a href='http://tvtropes.org/pmwiki/pmwiki.php/Main/BloodyHandprint' title='http://tvtropes.org/pmwiki/pmwiki.php/Main/BloodyHandprint'&gt;Bloody Handprint&lt;/a&gt;,
 &lt;a href='http://tvtropes.org/pmwiki/pmwiki.php/Main/BlueCollarWarlock' title='http://tvtropes.org/pmwiki/pmwiki.php/Main/BlueCollarWarlock'&gt;Blue-Collar Warlock&lt;/a&gt;,
 &lt;a href='http://tvtropes.org/pmwiki/pmwiki.php/Main/BodyAndHost' title='http://tvtropes.org/pmwiki/pmwiki.php/Main/BodyAndHost'&gt;Body and Host&lt;/a&gt;,
 &lt;a href='http://tvtropes.org/pmwiki/pmwiki.php/Main/BodyHorror' title='http://tvtropes.org/pmwiki/pmwiki.php/Main/BodyHorror'&gt;Body Horror&lt;/a&gt;,
 &lt;a href='http://tvtropes.org/pmwiki/pmwiki.php/Main/BodyOfBodies' title='http://tvtropes.org/pmwiki/pmwiki.php/Main/BodyOfBodies'&gt;Body of Bodies&lt;/a&gt;,
 &lt;a href='http://tvtropes.org/pmwiki/pmwiki.php/Main/BrainFood' title='http://tvtropes.org/pmwiki/pmwiki.php/Main/BrainFood'&gt;Brain Food&lt;/a&gt;,
 &lt;a href='http://tvtropes.org/pmwiki/pmwiki.php/Main/BrokenHeel' title='http://tvtropes.org/pmwiki/pmwiki.php/Main/BrokenHeel'&gt;Broken Heel&lt;/a&gt;,
 &lt;a href='http://tvtropes.org/pmwiki/pmwiki.php/Main/BuriedAlive' title='http://tvtropes.org/pmwiki/pmwiki.php/Main/BuriedAlive'&gt;Buried Alive&lt;/a&gt;,
 &lt;a href='http://tvtropes.org/pmwiki/pmwiki.php/Main/TheCallsAreComingFromInsideTheHouse' title='http://tvtropes.org/pmwiki/pmwiki.php/Main/TheCallsAreComingFromInsideTheHouse'&gt;The Calls Are Coming from Inside the House&lt;/a&gt;,
 &lt;a href='http://tvtropes.org/pmwiki/pmwiki.php/Main/CampbellCountry' title='http://tvtropes.org/pmwiki/pmwiki.php/Main/CampbellCountry'&gt;Campbell Country&lt;/a&gt;,
 &lt;a href='http://tvtropes.org/pmwiki/pmwiki.php/Main/CampUnsafeIsntSafeAnymore' title='http://tvtropes.org/pmwiki/pmwiki.php/Main/CampUnsafeIsntSafeAnymore'&gt;Camp Unsafe Isn't Safe Anymore&lt;/a&gt;,
 &lt;a href='http://tvtropes.org/pmwiki/pmwiki.php/Main/CannibalClan' title='http://tvtropes.org/pmwiki/pmwiki.php/Main/CannibalClan'&gt;Cannibal Clan&lt;/a&gt;,
 &lt;a href='http://tvtropes.org/pmwiki/pmwiki.php/Main/CannibalismSuperpower' title='http://tvtropes.org/pmwiki/pmwiki.php/Main/CannibalismSuperpower'&gt;Cannibalism Superpower&lt;/a&gt;,
 &lt;a href='http://tvtropes.org/pmwiki/pmwiki.php/Main/CatScare' title='http://tvtropes.org/pmwiki/pmwiki.php/Main/CatScare'&gt;Cat Scare&lt;/a&gt;,
 &lt;a href='http://tvtropes.org/pmwiki/pmwiki.php/Main/TheChainOfHarm' title='http://tvtropes.org/pmwiki/pmwiki.php/Main/TheChainOfHarm'&gt;The Chain of Harm&lt;/a&gt; (especially #4 and #5),
 &lt;a href='http://tvtropes.org/pmwiki/pmwiki.php/Main/ChestBurster' title='http://tvtropes.org/pmwiki/pmwiki.php/Main/ChestBurster'&gt;Chest Burster&lt;/a&gt;,
 &lt;a href='http://tvtropes.org/pmwiki/pmwiki.php/Main/SpawnBroodling' title='http://tvtropes.org/pmwiki/pmwiki.php/Main/SpawnBroodling'&gt;Spawn Broodling&lt;/a&gt;,
 &lt;a href='http://tvtropes.org/pmwiki/pmwiki.php/Main/ChildByRape' title='http://tvtropes.org/pmwiki/pmwiki.php/Main/ChildByRape'&gt;Child by Rape&lt;/a&gt;,
 &lt;a href='http://tvtropes.org/pmwiki/pmwiki.php/Main/ChineseVampire' title='http://tvtropes.org/pmwiki/pmwiki.php/Main/ChineseVampire'&gt;Chinese Vampire&lt;/a&gt;,
 &lt;a href='http://tvtropes.org/pmwiki/pmwiki.php/Main/Chupacabra' title='http://tvtropes.org/pmwiki/pmwiki.php/Main/Chupacabra'&gt;Chupacabra&lt;/a&gt;,
 &lt;a href='http://tvtropes.org/pmwiki/pmwiki.php/Main/CircusOfFear' title='http://tvtropes.org/pmwiki/pmwiki.php/Main/CircusOfFear'&gt;Circus of Fear&lt;/a&gt;,
 &lt;a href='http://tvtropes.org/pmwiki/pmwiki.php/Main/ClingyCostume' title='http://tvtropes.org/pmwiki/pmwiki.php/Main/ClingyCostume'&gt;Clingy Costume&lt;/a&gt;,
 &lt;a href='http://tvtropes.org/pmwiki/pmwiki.php/Main/CobwebJungle' title='http://tvtropes.org/pmwiki/pmwiki.php/Main/CobwebJungle'&gt;Cobweb Jungle&lt;/a&gt;,
 &lt;a href='http://tvtropes.org/pmwiki/pmwiki.php/Main/CompleteMonster' title='http://tvtropes.org/pmwiki/pmwiki.php/Main/CompleteMonster'&gt;Complete Monster&lt;/a&gt;,
 &lt;a href='http://tvtropes.org/pmwiki/pmwiki.php/Main/ConjoinedTwins' title='http://tvtropes.org/pmwiki/pmwiki.php/Main/ConjoinedTwins'&gt;Conjoined Twins&lt;/a&gt;,
 &lt;a href='http://tvtropes.org/pmwiki/pmwiki.php/Main/ConnectTheDeaths' title='http://tvtropes.org/pmwiki/pmwiki.php/Main/ConnectTheDeaths'&gt;Connect the Deaths&lt;/a&gt;,
 &lt;a href='http://tvtropes.org/pmwiki/pmwiki.php/Main/CorpseLand' title='http://tvtropes.org/pmwiki/pmwiki.php/Main/CorpseLand'&gt;Corpse Land&lt;/a&gt;,
 &lt;a href='http://tvtropes.org/pmwiki/pmwiki.php/Main/TheCorruption' title='http://tvtropes.org/pmwiki/pmwiki.php/Main/TheCorruption'&gt;The Corruption&lt;/a&gt;,
 &lt;a href='http://tvtropes.org/pmwiki/pmwiki.php/Main/CosmicHorrorStory' title='http://tvtropes.org/pmwiki/pmwiki.php/Main/CosmicHorrorStory'&gt;Cosmic Horror Story&lt;/a&gt;,
 &lt;a href='http://tvtropes.org/pmwiki/pmwiki.php/Main/CreepilyLongArms' title='http://tvtropes.org/pmwiki/pmwiki.php/Main/CreepilyLongArms'&gt;Creepily Long Arms&lt;/a&gt;,
 &lt;a href='http://tvtropes.org/pmwiki/pmwiki.php/Main/CreepyBasement' title='http://tvtropes.org/pmwiki/pmwiki.php/Main/CreepyBasement'&gt;Creepy Basement&lt;/a&gt;,
 &lt;a href='http://tvtropes.org/pmwiki/pmwiki.php/Main/CreepyCemetery' title='http://tvtropes.org/pmwiki/pmwiki.php/Main/CreepyCemetery'&gt;Creepy Cemetery&lt;/a&gt;,
 &lt;a href='http://tvtropes.org/pmwiki/pmwiki.php/Main/CreepyChangingPainting' title='http://tvtropes.org/pmwiki/pmwiki.php/Main/CreepyChangingPainting'&gt;Creepy Changing Painting&lt;/a&gt;,
 &lt;a href='http://tvtropes.org/pmwiki/pmwiki.php/Main/CreepyChild' title='http://tvtropes.org/pmwiki/pmwiki.php/Main/CreepyChild'&gt;Creepy Child&lt;/a&gt;,
 &lt;a href='http://tvtropes.org/pmwiki/pmwiki.php/Main/CreepyChildrenSinging' title='http://tvtropes.org/pmwiki/pmwiki.php/Main/CreepyChildrenSinging'&gt;Creepy Children Singing&lt;/a&gt;,
 &lt;a href='http://tvtropes.org/pmwiki/pmwiki.php/Main/CreepyCircusMusic' title='http://tvtropes.org/pmwiki/pmwiki.php/Main/CreepyCircusMusic'&gt;Creepy Circus Music&lt;/a&gt;,
 &lt;a href='http://tvtropes.org/pmwiki/pmwiki.php/Main/CreepyDoll' title='http://tvtropes.org/pmwiki/pmwiki.php/Main/CreepyDoll'&gt;Creepy Doll&lt;/a&gt;,
 &lt;a href='http://tvtropes.org/pmwiki/pmwiki.php/Main/CreepyHousekeeper' title='http://tvtropes.org/pmwiki/pmwiki.php/Main/CreepyHousekeeper'&gt;Creepy Housekeeper&lt;/a&gt;,
 &lt;a href='http://tvtropes.org/pmwiki/pmwiki.php/Main/CreepyLongFingers' title='http://tvtropes.org/pmwiki/pmwiki.php/Main/CreepyLongFingers'&gt;Creepy Long Fingers&lt;/a&gt;,
 &lt;a href='http://tvtropes.org/pmwiki/pmwiki.php/Main/CreepySouvenir' title='http://tvtropes.org/pmwiki/pmwiki.php/Main/CreepySouvenir'&gt;Creepy Souvenir&lt;/a&gt;,
 &lt;a href='http://tvtropes.org/pmwiki/pmwiki.php/Main/CropCircles' title='http://tvtropes.org/pmwiki/pmwiki.php/Main/CropCircles'&gt;Crop Circles&lt;/a&gt;,
 &lt;a href='http://tvtropes.org/pmwiki/pmwiki.php/Main/CruelAndUnusualDeath' title='http://tvtropes.org/pmwiki/pmwiki.php/Main/CruelAndUnusualDeath'&gt;Cruel and Unusual Death&lt;/a&gt;,
 &lt;a href='http://tvtropes.org/pmwiki/pmwiki.php/Main/CrustyCaretaker' title='http://tvtropes.org/pmwiki/pmwiki.php/Main/CrustyCaretaker'&gt;Crusty Caretaker&lt;/a&gt;,
 &lt;a href='http://tvtropes.org/pmwiki/pmwiki.php/Main/CuriosityKilledTheCast' title='http://tvtropes.org/pmwiki/pmwiki.php/Main/CuriosityKilledTheCast'&gt;Curiosity Killed the Cast&lt;/a&gt;,
 &lt;a href='http://tvtropes.org/pmwiki/pmwiki.php/Main/DamselInDistress' title='http://tvtropes.org/pmwiki/pmwiki.php/Main/DamselInDistress'&gt;Damsel in Distress&lt;/a&gt;,
 &lt;a href='http://tvtropes.org/pmwiki/pmwiki.php/Main/DangerousKeyFumble' title='http://tvtropes.org/pmwiki/pmwiki.php/Main/DangerousKeyFumble'&gt;Dangerous Key Fumble&lt;/a&gt;,
 &lt;a href='http://tvtropes.org/pmwiki/pmwiki.php/Main/DangerousWindows' title='http://tvtropes.org/pmwiki/pmwiki.php/Main/DangerousWindows'&gt;Dangerous Windows&lt;/a&gt;,
 &lt;a href='http://tvtropes.org/pmwiki/pmwiki.php/Main/DangerTakesABackseat' title='http://tvtropes.org/pmwiki/pmwiki.php/Main/DangerTakesABackseat'&gt;Danger Takes a Backseat&lt;/a&gt;,
 &lt;a href='http://tvtropes.org/pmwiki/pmwiki.php/Main/DarkLordOnLifeSupport' title='http://tvtropes.org/pmwiki/pmwiki.php/Main/DarkLordOnLifeSupport'&gt;Dark Lord on Life Support&lt;/a&gt;,
 &lt;a href='http://tvtropes.org/pmwiki/pmwiki.php/Main/DarknessEqualsDeath' title='http://tvtropes.org/pmwiki/pmwiki.php/Main/DarknessEqualsDeath'&gt;Darkness Equals Death&lt;/a&gt;,
 &lt;a href='http://tvtropes.org/pmwiki/pmwiki.php/Main/TheDarknessGazesBack' title='http://tvtropes.org/pmwiki/pmwiki.php/Main/TheDarknessGazesBack'&gt;The Darkness Gazes Back&lt;/a&gt;,
 &lt;a href='http://tvtropes.org/pmwiki/pmwiki.php/Main/DarkWorld' title='http://tvtropes.org/pmwiki/pmwiki.php/Main/DarkWorld'&gt;Dark World&lt;/a&gt;,
 &lt;a href='http://tvtropes.org/pmwiki/pmwiki.php/Main/DaylightHorror' title='http://tvtropes.org/pmwiki/pmwiki.php/Main/DaylightHorror'&gt;Daylight Horror&lt;/a&gt;,
 &lt;a href='http://tvtropes.org/pmwiki/pmwiki.php/Main/TheDeadCanDance' title='http://tvtropes.org/pmwiki/pmwiki.php/Main/TheDeadCanDance'&gt;The Dead Can Dance&lt;/a&gt;,
 &lt;a href='http://tvtropes.org/pmwiki/pmwiki.php/Main/VampireDance' title='http://tvtropes.org/pmwiki/pmwiki.php/Main/VampireDance'&gt;Vampire Dance&lt;/a&gt;,
 &lt;a href='http://tvtropes.org/pmwiki/pmwiki.php/Main/DeadlyBath' title='http://tvtropes.org/pmwiki/pmwiki.php/Main/DeadlyBath'&gt;Deadly Bath&lt;/a&gt;,
 &lt;a href='http://tvtropes.org/pmwiki/pmwiki.php/Main/DeadlyPrank' title='http://tvtropes.org/pmwiki/pmwiki.php/Main/DeadlyPrank'&gt;Deadly Prank&lt;/a&gt;,
 &lt;a href='http://tvtropes.org/pmwiki/pmwiki.php/Main/DeadlyRoadTrip' title='http://tvtropes.org/pmwiki/pmwiki.php/Main/DeadlyRoadTrip'&gt;Deadly Road Trip&lt;/a&gt;,
 &lt;a href='http://tvtropes.org/pmwiki/pmwiki.php/Main/DeathByMaterialism' title='http://tvtropes.org/pmwiki/pmwiki.php/Main/DeathByMaterialism'&gt;Death by Materialism&lt;/a&gt;,
 &lt;a href='http://tvtropes.org/pmwiki/pmwiki.php/Main/DeathByMocking' title='http://tvtropes.org/pmwiki/pmwiki.php/Main/DeathByMocking'&gt;Death by Mocking&lt;/a&gt;,
 &lt;a href='http://tvtropes.org/pmwiki/pmwiki.php/Main/DeathBySex' title='http://tvtropes.org/pmwiki/pmwiki.php/Main/DeathBySex'&gt;Death by Sex&lt;/a&gt;,
 &lt;a href='http://tvtropes.org/pmwiki/pmwiki.php/Main/DefangedHorrors' title='http://tvtropes.org/pmwiki/pmwiki.php/Main/DefangedHorrors'&gt;Defanged Horrors&lt;/a&gt;,
 &lt;a href='http://tvtropes.org/pmwiki/pmwiki.php/Main/DemonicDummy' title='http://tvtropes.org/pmwiki/pmwiki.php/Main/DemonicDummy'&gt;Demonic Dummy&lt;/a&gt;,
 &lt;a href='http://tvtropes.org/pmwiki/pmwiki.php/Main/DepravedDentist' title='http://tvtropes.org/pmwiki/pmwiki.php/Main/DepravedDentist'&gt;Depraved Dentist&lt;/a&gt;,
 &lt;a href='http://tvtropes.org/pmwiki/pmwiki.php/Main/DevelopingDoomedCharacters' title='http://tvtropes.org/pmwiki/pmwiki.php/Main/DevelopingDoomedCharacters'&gt;Developing Doomed Characters&lt;/a&gt;,
 &lt;a href='http://tvtropes.org/pmwiki/pmwiki.php/Main/DistressCall' title='http://tvtropes.org/pmwiki/pmwiki.php/Main/DistressCall'&gt;Distress Call&lt;/a&gt;,
 &lt;a href='http://tvtropes.org/pmwiki/pmwiki.php/Main/TheDollEpisode' title='http://tvtropes.org/pmwiki/pmwiki.php/Main/TheDollEpisode'&gt;The Doll Episode&lt;/a&gt;,
 &lt;a href='http://tvtropes.org/pmwiki/pmwiki.php/Main/DontGoInTheWoods' title='http://tvtropes.org/pmwiki/pmwiki.php/Main/DontGoInTheWoods'&gt;Don't Go in the Woods&lt;/a&gt;,
 &lt;a href='http://tvtropes.org/pmwiki/pmwiki.php/Main/StayOnThePath' title='http://tvtropes.org/pmwiki/pmwiki.php/Main/StayOnThePath'&gt;Stay on the Path&lt;/a&gt;,
 &lt;a href='http://tvtropes.org/pmwiki/pmwiki.php/Main/DroolHello' title='http://tvtropes.org/pmwiki/pmwiki.php/Main/DroolHello'&gt;Drool Hello&lt;/a&gt;,
 &lt;a href='http://tvtropes.org/pmwiki/pmwiki.php/Main/EarAche' title='http://tvtropes.org/pmwiki/pmwiki.php/Main/EarAche'&gt;Ear Ache&lt;/a&gt;,
 &lt;a href='http://tvtropes.org/pmwiki/pmwiki.php/Main/EatenAlive' title='http://tvtropes.org/pmwiki/pmwiki.php/Main/EatenAlive'&gt;Eaten Alive&lt;/a&gt;,
 &lt;a href='http://tvtropes.org/pmwiki/pmwiki.php/Main/ElectromagneticGhosts' title='http://tvtropes.org/pmwiki/pmwiki.php/Main/ElectromagneticGhosts'&gt;Electromagnetic Ghosts&lt;/a&gt;,
 &lt;a href='http://tvtropes.org/pmwiki/pmwiki.php/Main/TheEndOfTheWorldAsWeKnowIt' title='http://tvtropes.org/pmwiki/pmwiki.php/Main/TheEndOfTheWorldAsWeKnowIt'&gt;The End of the World as We Know It&lt;/a&gt;,
 &lt;a href='http://tvtropes.org/pmwiki/pmwiki.php/Main/TheEndOrIsIt' title='http://tvtropes.org/pmwiki/pmwiki.php/Main/TheEndOrIsIt'&gt;The End... Or Is It?&lt;/a&gt;,
 &lt;a href='http://tvtropes.org/pmwiki/pmwiki.php/Main/EnemyRisingBehind' title='http://tvtropes.org/pmwiki/pmwiki.php/Main/EnemyRisingBehind'&gt;Enemy Rising Behind&lt;/a&gt;,
 &lt;a href='http://tvtropes.org/pmwiki/pmwiki.php/Main/EeriePaleSkinnedBrunette' title='http://tvtropes.org/pmwiki/pmwiki.php/Main/EeriePaleSkinnedBrunette'&gt;Eerie Pale-Skinned Brunette&lt;/a&gt;,
 &lt;a href='http://tvtropes.org/pmwiki/pmwiki.php/Main/EverybodysDeadDave' title='http://tvtropes.org/pmwiki/pmwiki.php/Main/EverybodysDeadDave'&gt;Everybody's Dead Dave&lt;/a&gt;,
 &lt;a href='http://tvtropes.org/pmwiki/pmwiki.php/Main/EvilElevator' title='http://tvtropes.org/pmwiki/pmwiki.php/Main/EvilElevator'&gt;Evil Elevator&lt;/a&gt;,
 &lt;a href='http://tvtropes.org/pmwiki/pmwiki.php/Main/EvilHand' title='http://tvtropes.org/pmwiki/pmwiki.php/Main/EvilHand'&gt;Evil Hand&lt;/a&gt;,
 &lt;a href='http://tvtropes.org/pmwiki/pmwiki.php/Main/EvilIsVisceral' title='http://tvtropes.org/pmwiki/pmwiki.php/Main/EvilIsVisceral'&gt;Evil Is Visceral&lt;/a&gt;,
 &lt;a href='http://tvtropes.org/pmwiki/pmwiki.php/Main/EvilPhone' title='http://tvtropes.org/pmwiki/pmwiki.php/Main/EvilPhone'&gt;Evil Phone&lt;/a&gt;,
 &lt;a href='http://tvtropes.org/pmwiki/pmwiki.php/Main/ExorcistHead' title='http://tvtropes.org/pmwiki/pmwiki.php/Main/ExorcistHead'&gt;Exorcist Head&lt;/a&gt;,
 &lt;a href='http://tvtropes.org/pmwiki/pmwiki.php/Main/ExtremelyDustyHome' title='http://tvtropes.org/pmwiki/pmwiki.php/Main/ExtremelyDustyHome'&gt;Extremely Dusty Home&lt;/a&gt;,
 &lt;a href='http://tvtropes.org/pmwiki/pmwiki.php/Main/EyeAwaken' title='http://tvtropes.org/pmwiki/pmwiki.php/Main/EyeAwaken'&gt;Eye Awaken&lt;/a&gt;,
 &lt;a href='http://tvtropes.org/pmwiki/pmwiki.php/Main/EyelessFace' title='http://tvtropes.org/pmwiki/pmwiki.php/Main/EyelessFace'&gt;Eyeless Face&lt;/a&gt;,
 &lt;a href='http://tvtropes.org/pmwiki/pmwiki.php/Main/EyeScream' title='http://tvtropes.org/pmwiki/pmwiki.php/Main/EyeScream'&gt;Eye Scream&lt;/a&gt;,
 &lt;a href='http://tvtropes.org/pmwiki/pmwiki.php/Main/EyesAreUnbreakable' title='http://tvtropes.org/pmwiki/pmwiki.php/Main/EyesAreUnbreakable'&gt;Eyes Are Unbreakable&lt;/a&gt;,
 &lt;a href='http://tvtropes.org/pmwiki/pmwiki.php/Main/TheEyesHaveIt' title='http://tvtropes.org/pmwiki/pmwiki.php/Main/TheEyesHaveIt'&gt;The Eyes Have It&lt;/a&gt;,
 &lt;a href='http://tvtropes.org/pmwiki/pmwiki.php/Main/FaceRevealingTurn' title='http://tvtropes.org/pmwiki/pmwiki.php/Main/FaceRevealingTurn'&gt;Face Revealing Turn&lt;/a&gt;,
 &lt;a href='http://tvtropes.org/pmwiki/pmwiki.php/Main/FacialHorror' title='http://tvtropes.org/pmwiki/pmwiki.php/Main/FacialHorror'&gt;Facial Horror&lt;/a&gt;,
 &lt;a href='http://tvtropes.org/pmwiki/pmwiki.php/Main/TearOffYourFace' title='http://tvtropes.org/pmwiki/pmwiki.php/Main/TearOffYourFace'&gt;Tear Off Your Face&lt;/a&gt;,
 &lt;a href='http://tvtropes.org/pmwiki/pmwiki.php/Main/FalseInnocenceTrick' title='http://tvtropes.org/pmwiki/pmwiki.php/Main/FalseInnocenceTrick'&gt;False Innocence Trick&lt;/a&gt;,
 &lt;a href='http://tvtropes.org/pmwiki/pmwiki.php/Main/TheFamilyThatSlaysTogether' title='http://tvtropes.org/pmwiki/pmwiki.php/Main/TheFamilyThatSlaysTogether'&gt;The Family That Slays Together&lt;/a&gt;,
 &lt;a href='http://tvtropes.org/pmwiki/pmwiki.php/Main/FauxHorrorFilm' title='http://tvtropes.org/pmwiki/pmwiki.php/Main/FauxHorrorFilm'&gt;Faux Horror Film&lt;/a&gt;,
 &lt;a href='http://tvtropes.org/pmwiki/pmwiki.php/Main/FauxHorrific' title='http://tvtropes.org/pmwiki/pmwiki.php/Main/FauxHorrific'&gt;Faux Horrific&lt;/a&gt;: Pretending something is scary for laughs.,
 &lt;a href='http://tvtropes.org/pmwiki/pmwiki.php/Main/AFeteWorseThanDeath' title='http://tvtropes.org/pmwiki/pmwiki.php/Main/AFeteWorseThanDeath'&gt;A FÃªte Worse than Death&lt;/a&gt;,
 &lt;a href='http://tvtropes.org/pmwiki/pmwiki.php/Main/FinalGirl' title='http://tvtropes.org/pmwiki/pmwiki.php/Main/FinalGirl'&gt;Final Girl&lt;/a&gt;,
 &lt;a href='http://tvtropes.org/pmwiki/pmwiki.php/Main/Fingore' title='http://tvtropes.org/pmwiki/pmwiki.php/Main/Fingore'&gt;Fingore&lt;/a&gt;,
 &lt;a href='http://tvtropes.org/pmwiki/pmwiki.php/Main/FlatScare' title='http://tvtropes.org/pmwiki/pmwiki.php/Main/FlatScare'&gt;Flat Scare&lt;/a&gt;,
 &lt;a href='http://tvtropes.org/pmwiki/pmwiki.php/Main/FlayingAlive' title='http://tvtropes.org/pmwiki/pmwiki.php/Main/FlayingAlive'&gt;Flaying Alive&lt;/a&gt;,
 &lt;a href='http://tvtropes.org/pmwiki/pmwiki.php/Main/FliesEqualsEvil' title='http://tvtropes.org/pmwiki/pmwiki.php/Main/FliesEqualsEvil'&gt;Flies Equals Evil&lt;/a&gt;,
 &lt;a href='http://tvtropes.org/pmwiki/pmwiki.php/Main/FoodChainOfEvil' title='http://tvtropes.org/pmwiki/pmwiki.php/Main/FoodChainOfEvil'&gt;Food Chain of Evil&lt;/a&gt;,
 &lt;a href='http://tvtropes.org/pmwiki/pmwiki.php/Main/FootprintsOfMuck' title='http://tvtropes.org/pmwiki/pmwiki.php/Main/FootprintsOfMuck'&gt;Footprints Of Muck&lt;/a&gt;,
 &lt;a href='http://tvtropes.org/pmwiki/pmwiki.php/Main/ForDoomTheBellTolls' title='http://tvtropes.org/pmwiki/pmwiki.php/Main/ForDoomTheBellTolls'&gt;For Doom the Bell Tolls&lt;/a&gt;,
 &lt;a href='http://tvtropes.org/pmwiki/pmwiki.php/Main/TheFourthWallWillNotProtectYou' title='http://tvtropes.org/pmwiki/pmwiki.php/Main/TheFourthWallWillNotProtectYou'&gt;The Fourth Wall Will Not Protect You&lt;/a&gt;,
 &lt;a href='http://tvtropes.org/pmwiki/pmwiki.php/Main/FreakLabAccident' title='http://tvtropes.org/pmwiki/pmwiki.php/Main/FreakLabAccident'&gt;Freak Lab Accident&lt;/a&gt;,
 &lt;a href='http://tvtropes.org/pmwiki/pmwiki.php/Main/GateOfTruth' title='http://tvtropes.org/pmwiki/pmwiki.php/Main/GateOfTruth'&gt;Gate of Truth&lt;/a&gt;,
 &lt;a href='http://tvtropes.org/pmwiki/pmwiki.php/Main/Ghostapo' title='http://tvtropes.org/pmwiki/pmwiki.php/Main/Ghostapo'&gt;Ghostapo&lt;/a&gt;,
 &lt;a href='http://tvtropes.org/pmwiki/pmwiki.php/Main/GhostButler' title='http://tvtropes.org/pmwiki/pmwiki.php/Main/GhostButler'&gt;Ghost Butler&lt;/a&gt;,
 &lt;a href='http://tvtropes.org/pmwiki/pmwiki.php/Main/GhostStory' title='http://tvtropes.org/pmwiki/pmwiki.php/Main/GhostStory'&gt;Ghost Story&lt;/a&gt;,
 &lt;a href='http://tvtropes.org/pmwiki/pmwiki.php/Main/GhostlyChill' title='http://tvtropes.org/pmwiki/pmwiki.php/Main/GhostlyChill'&gt;Ghostly Chill&lt;/a&gt;,
 &lt;a href='http://tvtropes.org/pmwiki/pmwiki.php/Main/GhostlyGoals' title='http://tvtropes.org/pmwiki/pmwiki.php/Main/GhostlyGoals'&gt;Ghostly Goals&lt;/a&gt;,
 &lt;a href='http://tvtropes.org/pmwiki/pmwiki.php/Main/GhostlyGlide' title='http://tvtropes.org/pmwiki/pmwiki.php/Main/GhostlyGlide'&gt;Ghostly Glide&lt;/a&gt;,
 &lt;a href='http://tvtropes.org/pmwiki/pmwiki.php/Main/GiantEyeOfDoom' title='http://tvtropes.org/pmwiki/pmwiki.php/Main/GiantEyeOfDoom'&gt;Giant Eye Of Doom&lt;/a&gt;,
 &lt;a href='http://tvtropes.org/pmwiki/pmwiki.php/Main/GiantSpider' title='http://tvtropes.org/pmwiki/pmwiki.php/Main/GiantSpider'&gt;Giant Spider&lt;/a&gt;,
 &lt;a href='http://tvtropes.org/pmwiki/pmwiki.php/Main/GodAndSatanAreBothJerks' title='http://tvtropes.org/pmwiki/pmwiki.php/Main/GodAndSatanAreBothJerks'&gt;God and Satan Are Both Jerks&lt;/a&gt;,
 &lt;a href='http://tvtropes.org/pmwiki/pmwiki.php/Main/GoryDeadlyOverkillTitleOfFatalDeath' title='http://tvtropes.org/pmwiki/pmwiki.php/Main/GoryDeadlyOverkillTitleOfFatalDeath'&gt;Gory Deadly Overkill Title of Fatal Death&lt;/a&gt;,
 &lt;a href='http://tvtropes.org/pmwiki/pmwiki.php/Main/GoryDiscretionShot' title='http://tvtropes.org/pmwiki/pmwiki.php/Main/GoryDiscretionShot'&gt;Gory Discretion Shot&lt;/a&gt;,
 &lt;a href='http://tvtropes.org/pmwiki/pmwiki.php/Main/SoundOnlyDeath' title='http://tvtropes.org/pmwiki/pmwiki.php/Main/SoundOnlyDeath'&gt;Sound-Only Death&lt;/a&gt;,
 &lt;a href='http://tvtropes.org/pmwiki/pmwiki.php/Main/GrossUpCloseUp' title='http://tvtropes.org/pmwiki/pmwiki.php/Main/GrossUpCloseUp'&gt;Gross-Up Close-Up&lt;/a&gt;,
 &lt;a href='http://tvtropes.org/pmwiki/pmwiki.php/Main/GrotesqueGallery' title='http://tvtropes.org/pmwiki/pmwiki.php/Main/GrotesqueGallery'&gt;Grotesque Gallery&lt;/a&gt;,
 &lt;a href='http://tvtropes.org/pmwiki/pmwiki.php/Main/GuttedLikeAFish' title='http://tvtropes.org/pmwiki/pmwiki.php/Main/GuttedLikeAFish'&gt;Gutted Like a Fish&lt;/a&gt;,
 &lt;a href='http://tvtropes.org/pmwiki/pmwiki.php/Main/GypsyCurse' title='http://tvtropes.org/pmwiki/pmwiki.php/Main/GypsyCurse'&gt;Gypsy Curse&lt;/a&gt;,
 &lt;a href='http://tvtropes.org/pmwiki/pmwiki.php/Main/HalfTheManHeUsedToBe' title='http://tvtropes.org/pmwiki/pmwiki.php/Main/HalfTheManHeUsedToBe'&gt;Half the Man He Used to Be&lt;/a&gt;,
 &lt;a href='http://tvtropes.org/pmwiki/pmwiki.php/Main/Halloweentown' title='http://tvtropes.org/pmwiki/pmwiki.php/Main/Halloweentown'&gt;Halloweentown&lt;/a&gt;,
 &lt;a href='http://tvtropes.org/pmwiki/pmwiki.php/Main/HairRaisingHare' title='http://tvtropes.org/pmwiki/pmwiki.php/Main/HairRaisingHare'&gt;Hair-Raising Hare&lt;/a&gt;,
 &lt;a href='http://tvtropes.org/pmwiki/pmwiki.php/Main/HarbingerOfImpendingDoom' title='http://tvtropes.org/pmwiki/pmwiki.php/Main/HarbingerOfImpendingDoom'&gt;Harbinger of Impending Doom&lt;/a&gt;,
 &lt;a href='http://tvtropes.org/pmwiki/pmwiki.php/Main/HauntedFetter' title='http://tvtropes.org/pmwiki/pmwiki.php/Main/HauntedFetter'&gt;Haunted Fetter&lt;/a&gt;,
 &lt;a href='http://tvtropes.org/pmwiki/pmwiki.php/Main/HauntedHeadquarters' title='http://tvtropes.org/pmwiki/pmwiki.php/Main/HauntedHeadquarters'&gt;Haunted Headquarters&lt;/a&gt;,
 &lt;a href='http://tvtropes.org/pmwiki/pmwiki.php/Main/HauntedHeroine' title='http://tvtropes.org/pmwiki/pmwiki.php/Main/HauntedHeroine'&gt;Haunted Heroine&lt;/a&gt;,
 &lt;a href='http://tvtropes.org/pmwiki/pmwiki.php/Main/HauntedHouseHistorian' title='http://tvtropes.org/pmwiki/pmwiki.php/Main/HauntedHouseHistorian'&gt;Haunted House Historian&lt;/a&gt;,
 &lt;a href='http://tvtropes.org/pmwiki/pmwiki.php/Main/HauntedTechnology' title='http://tvtropes.org/pmwiki/pmwiki.php/Main/HauntedTechnology'&gt;Haunted Technology&lt;/a&gt;,
 &lt;a href='http://tvtropes.org/pmwiki/pmwiki.php/Main/HazardousWater' title='http://tvtropes.org/pmwiki/pmwiki.php/Main/HazardousWater'&gt;Hazardous Water&lt;/a&gt;,
 &lt;a href='http://tvtropes.org/pmwiki/pmwiki.php/Main/HeadlessHorseman' title='http://tvtropes.org/pmwiki/pmwiki.php/Main/HeadlessHorseman'&gt;Headless Horseman&lt;/a&gt;,
 &lt;a href='http://tvtropes.org/pmwiki/pmwiki.php/Main/HellHotel' title='http://tvtropes.org/pmwiki/pmwiki.php/Main/HellHotel'&gt;Hell Hotel&lt;/a&gt;,
 &lt;a href='http://tvtropes.org/pmwiki/pmwiki.php/Main/HellIsThatNoise' title='http://tvtropes.org/pmwiki/pmwiki.php/Main/HellIsThatNoise'&gt;Hell Is That Noise&lt;/a&gt;,
 &lt;a href='http://tvtropes.org/pmwiki/pmwiki.php/Main/HockeyMaskAndChainsaw' title='http://tvtropes.org/pmwiki/pmwiki.php/Main/HockeyMaskAndChainsaw'&gt;Hockey Mask and Chainsaw&lt;/a&gt;,
 &lt;a href='http://tvtropes.org/pmwiki/pmwiki.php/Main/HollywoodExorcism' title='http://tvtropes.org/pmwiki/pmwiki.php/Main/HollywoodExorcism'&gt;Hollywood Exorcism&lt;/a&gt;,
 &lt;a href='http://tvtropes.org/pmwiki/pmwiki.php/Main/HomicideMachines' title='http://tvtropes.org/pmwiki/pmwiki.php/Main/HomicideMachines'&gt;Homicide Machines&lt;/a&gt;,
 &lt;a href='http://tvtropes.org/pmwiki/pmwiki.php/Main/HornyDevils' title='http://tvtropes.org/pmwiki/pmwiki.php/Main/HornyDevils'&gt;Horny Devils&lt;/a&gt;,
 &lt;a href='http://tvtropes.org/pmwiki/pmwiki.php/Main/HorrifyingTheHorror' title='http://tvtropes.org/pmwiki/pmwiki.php/Main/HorrifyingTheHorror'&gt;Horrifying the Horror&lt;/a&gt;,
 &lt;a href='http://tvtropes.org/pmwiki/pmwiki.php/Main/HorrorDoesntSettleForSimpleTuesday' title='http://tvtropes.org/pmwiki/pmwiki.php/Main/HorrorDoesntSettleForSimpleTuesday'&gt;Horror Doesn't Settle for Simple Tuesday&lt;/a&gt;,
 &lt;a href='http://tvtropes.org/pmwiki/pmwiki.php/Main/HorrorHost' title='http://tvtropes.org/pmwiki/pmwiki.php/Main/HorrorHost'&gt;Horror Host&lt;/a&gt;,
 &lt;a href='http://tvtropes.org/pmwiki/pmwiki.php/Main/HorrorStruck' title='http://tvtropes.org/pmwiki/pmwiki.php/Main/HorrorStruck'&gt;Horror Struck&lt;/a&gt;,
 &lt;a href='http://tvtropes.org/pmwiki/pmwiki.php/Main/AHouseDivided' title='http://tvtropes.org/pmwiki/pmwiki.php/Main/AHouseDivided'&gt;A House Divided&lt;/a&gt;,
 &lt;a href='http://tvtropes.org/pmwiki/pmwiki.php/Main/HumanoidAbomination' title='http://tvtropes.org/pmwiki/pmwiki.php/Main/HumanoidAbomination'&gt;Humanoid Abomination&lt;/a&gt;,
 &lt;a href='http://tvtropes.org/pmwiki/pmwiki.php/Main/HumanResources' title='http://tvtropes.org/pmwiki/pmwiki.php/Main/HumanResources'&gt;Human Resources&lt;/a&gt;,
 &lt;a href='http://tvtropes.org/pmwiki/pmwiki.php/Main/HumanToWerewolfFootprints' title='http://tvtropes.org/pmwiki/pmwiki.php/Main/HumanToWerewolfFootprints'&gt;Human To Werewolf Footprints&lt;/a&gt;,
 &lt;a href='http://tvtropes.org/pmwiki/pmwiki.php/Main/ICanSeeYou' title='http://tvtropes.org/pmwiki/pmwiki.php/Main/ICanSeeYou'&gt;I Can See You&lt;/a&gt;,
 &lt;a href='http://tvtropes.org/pmwiki/pmwiki.php/Main/IHateYouVampireDad' title='http://tvtropes.org/pmwiki/pmwiki.php/Main/IHateYouVampireDad'&gt;I Hate You Vampire Dad&lt;/a&gt;,
 &lt;a href='http://tvtropes.org/pmwiki/pmwiki.php/Main/ILoveTheDead' title='http://tvtropes.org/pmwiki/pmwiki.php/Main/ILoveTheDead'&gt;I Love the Dead&lt;/a&gt;,
 &lt;a href='http://tvtropes.org/pmwiki/pmwiki.php/Main/InescapableHorror' title='http://tvtropes.org/pmwiki/pmwiki.php/Main/InescapableHorror'&gt;Inescapable Horror&lt;/a&gt;,
 &lt;a href='http://tvtropes.org/pmwiki/pmwiki.php/Main/ImAHumanitarian' title='http://tvtropes.org/pmwiki/pmwiki.php/Main/ImAHumanitarian'&gt;I'm a Humanitarian&lt;/a&gt;,
 &lt;a href='http://tvtropes.org/pmwiki/pmwiki.php/Main/CannibalClan' title='http://tvtropes.org/pmwiki/pmwiki.php/Main/CannibalClan'&gt;Cannibal Clan&lt;/a&gt;,
 &lt;a href='http://tvtropes.org/pmwiki/pmwiki.php/Main/CannibalTribe' title='http://tvtropes.org/pmwiki/pmwiki.php/Main/CannibalTribe'&gt;Cannibal Tribe&lt;/a&gt;,
 &lt;a href='http://tvtropes.org/pmwiki/pmwiki.php/Main/HorrorHunger' title='http://tvtropes.org/pmwiki/pmwiki.php/Main/HorrorHunger'&gt;Horror Hunger&lt;/a&gt;,
 &lt;a href='http://tvtropes.org/pmwiki/pmwiki.php/Main/InvitedAsDinner' title='http://tvtropes.org/pmwiki/pmwiki.php/Main/InvitedAsDinner'&gt;Invited As Dinner&lt;/a&gt;,
 &lt;a href='http://tvtropes.org/pmwiki/pmwiki.php/Main/NoPartyLikeADonnerParty' title='http://tvtropes.org/pmwiki/pmwiki.php/Main/NoPartyLikeADonnerParty'&gt;No Party Like a Donner Party&lt;/a&gt;,
 &lt;a href='http://tvtropes.org/pmwiki/pmwiki.php/Main/PickyPeopleEater' title='http://tvtropes.org/pmwiki/pmwiki.php/Main/PickyPeopleEater'&gt;Picky People Eater&lt;/a&gt;,
 &lt;a href='http://tvtropes.org/pmwiki/pmwiki.php/Main/BrainFood' title='http://tvtropes.org/pmwiki/pmwiki.php/Main/BrainFood'&gt;Brain Food&lt;/a&gt;,
 &lt;a href='http://tvtropes.org/pmwiki/pmwiki.php/Main/ImColdSoCold' title='http://tvtropes.org/pmwiki/pmwiki.php/Main/ImColdSoCold'&gt;I'm Cold... So Cold...&lt;/a&gt;,
 &lt;a href='http://tvtropes.org/pmwiki/pmwiki.php/Main/ImpromptuTracheotomy' title='http://tvtropes.org/pmwiki/pmwiki.php/Main/ImpromptuTracheotomy'&gt;Impromptu Tracheotomy&lt;/a&gt;,
 &lt;a href='http://tvtropes.org/pmwiki/pmwiki.php/Main/IndianBurialGround' title='http://tvtropes.org/pmwiki/pmwiki.php/Main/IndianBurialGround'&gt;Indian Burial Ground&lt;/a&gt;,
 &lt;a href='http://tvtropes.org/pmwiki/pmwiki.php/Main/InfernalRetaliation' title='http://tvtropes.org/pmwiki/pmwiki.php/Main/InfernalRetaliation'&gt;Infernal Retaliation&lt;/a&gt;,
 &lt;a href='http://tvtropes.org/pmwiki/pmwiki.php/Main/InitiationCeremony' title='http://tvtropes.org/pmwiki/pmwiki.php/Main/InitiationCeremony'&gt;Initiation Ceremony&lt;/a&gt;,
 &lt;a href='http://tvtropes.org/pmwiki/pmwiki.php/Main/InnOfNoReturn' title='http://tvtropes.org/pmwiki/pmwiki.php/Main/InnOfNoReturn'&gt;Inn of No Return&lt;/a&gt;,
 &lt;a href='http://tvtropes.org/pmwiki/pmwiki.php/Main/InscrutableAliens' title='http://tvtropes.org/pmwiki/pmwiki.php/Main/InscrutableAliens'&gt;Inscrutable Aliens&lt;/a&gt;,
 &lt;a href='http://tvtropes.org/pmwiki/pmwiki.php/Main/InThatOrder' title='http://tvtropes.org/pmwiki/pmwiki.php/Main/InThatOrder'&gt;In That Order&lt;/a&gt;,
 &lt;a href='http://tvtropes.org/pmwiki/pmwiki.php/Main/IronicNurseryTune' title='http://tvtropes.org/pmwiki/pmwiki.php/Main/IronicNurseryTune'&gt;Ironic Nursery Tune&lt;/a&gt;,
 &lt;a href='http://tvtropes.org/pmwiki/pmwiki.php/Main/ItCanThink' title='http://tvtropes.org/pmwiki/pmwiki.php/Main/ItCanThink'&gt;It Can Think&lt;/a&gt;,
 &lt;a href='http://tvtropes.org/pmwiki/pmwiki.php/Main/ItWontTurnOff' title='http://tvtropes.org/pmwiki/pmwiki.php/Main/ItWontTurnOff'&gt;It Won't Turn Off&lt;/a&gt;,
 &lt;a href='http://tvtropes.org/pmwiki/pmwiki.php/Main/TheJerseyDevil' title='http://tvtropes.org/pmwiki/pmwiki.php/Main/TheJerseyDevil'&gt;The Jersey Devil&lt;/a&gt;,
 &lt;a href='http://tvtropes.org/pmwiki/pmwiki.php/Main/JumpScare' title='http://tvtropes.org/pmwiki/pmwiki.php/Main/JumpScare'&gt;Jump Scare&lt;/a&gt;,
 &lt;a href='http://tvtropes.org/pmwiki/pmwiki.php/Main/Kaiju' title='http://tvtropes.org/pmwiki/pmwiki.php/Main/Kaiju'&gt;Kaiju&lt;/a&gt;,
 &lt;a href='http://tvtropes.org/pmwiki/pmwiki.php/Main/KeeperOfForbiddenKnowledge' title='http://tvtropes.org/pmwiki/pmwiki.php/Main/KeeperOfForbiddenKnowledge'&gt;Keeper of Forbidden Knowledge&lt;/a&gt;,
 &lt;a href='http://tvtropes.org/pmwiki/pmwiki.php/Main/KensingtonGore' title='http://tvtropes.org/pmwiki/pmwiki.php/Main/KensingtonGore'&gt;Kensington Gore&lt;/a&gt;,
 &lt;a href='http://tvtropes.org/pmwiki/pmwiki.php/Main/LampreyMouth' title='http://tvtropes.org/pmwiki/pmwiki.php/Main/LampreyMouth'&gt;Lamprey Mouth&lt;/a&gt;,
 &lt;a href='http://tvtropes.org/pmwiki/pmwiki.php/Main/LifeOrLimbDecision' title='http://tvtropes.org/pmwiki/pmwiki.php/Main/LifeOrLimbDecision'&gt;Life or Limb Decision&lt;/a&gt;,
 &lt;a href='http://tvtropes.org/pmwiki/pmwiki.php/Main/AmputationStopsSpread' title='http://tvtropes.org/pmwiki/pmwiki.php/Main/AmputationStopsSpread'&gt;Amputation Stops Spread&lt;/a&gt;,
 &lt;a href='http://tvtropes.org/pmwiki/pmwiki.php/Main/LightFlickerTeleportation' title='http://tvtropes.org/pmwiki/pmwiki.php/Main/LightFlickerTeleportation'&gt;Light-Flicker Teleportation&lt;/a&gt;,
 &lt;a href='http://tvtropes.org/pmwiki/pmwiki.php/Main/LightmareFuel' title='http://tvtropes.org/pmwiki/pmwiki.php/Main/LightmareFuel'&gt;Lightmare Fuel&lt;/a&gt;,
 &lt;a href='http://tvtropes.org/pmwiki/pmwiki.php/Main/TheLittleShopThatWasntThereYesterday' title='http://tvtropes.org/pmwiki/pmwiki.php/Main/TheLittleShopThatWasntThereYesterday'&gt;The Little Shop That Wasn't There Yesterday&lt;/a&gt;,
 &lt;a href='http://tvtropes.org/pmwiki/pmwiki.php/Main/LivingBodysuit' title='http://tvtropes.org/pmwiki/pmwiki.php/Main/LivingBodysuit'&gt;Living Bodysuit&lt;/a&gt;,
 &lt;a href='http://tvtropes.org/pmwiki/pmwiki.php/Main/LivingShadow' title='http://tvtropes.org/pmwiki/pmwiki.php/Main/LivingShadow'&gt;Living Shadow&lt;/a&gt;,
 &lt;a href='http://tvtropes.org/pmwiki/pmwiki.php/Main/LongNeck' title='http://tvtropes.org/pmwiki/pmwiki.php/Main/LongNeck'&gt;Long Neck&lt;/a&gt;,
 &lt;a href='http://tvtropes.org/pmwiki/pmwiki.php/Main/LosingYourHead' title='http://tvtropes.org/pmwiki/pmwiki.php/Main/LosingYourHead'&gt;Losing Your Head&lt;/a&gt;,
 &lt;a href='http://tvtropes.org/pmwiki/pmwiki.php/Main/LostInTheMaize' title='http://tvtropes.org/pmwiki/pmwiki.php/Main/LostInTheMaize'&gt;Lost in the Maize&lt;/a&gt;,
 &lt;a href='http://tvtropes.org/pmwiki/pmwiki.php/Main/MadeFromRealGirlScouts' title='http://tvtropes.org/pmwiki/pmwiki.php/Main/MadeFromRealGirlScouts'&gt;Made from Real Girl Scouts&lt;/a&gt;,
 &lt;a href='http://tvtropes.org/pmwiki/pmwiki.php/Main/MadeOfPlasticine' title='http://tvtropes.org/pmwiki/pmwiki.php/Main/MadeOfPlasticine'&gt;Made of Plasticine&lt;/a&gt;,
 &lt;a href='http://tvtropes.org/pmwiki/pmwiki.php/Main/MadwomanInTheAttic' title='http://tvtropes.org/pmwiki/pmwiki.php/Main/MadwomanInTheAttic'&gt;Madwoman in the Attic&lt;/a&gt;,
 &lt;a href='http://tvtropes.org/pmwiki/pmwiki.php/Main/MagneticMedium' title='http://tvtropes.org/pmwiki/pmwiki.php/Main/MagneticMedium'&gt;Magnetic Medium&lt;/a&gt;,
 &lt;a href='http://tvtropes.org/pmwiki/pmwiki.php/Main/MalevolentMaskedMen' title='http://tvtropes.org/pmwiki/pmwiki.php/Main/MalevolentMaskedMen'&gt;Malevolent Masked Men&lt;/a&gt;,
 &lt;a href='http://tvtropes.org/pmwiki/pmwiki.php/Main/MalevolentMutilation' title='http://tvtropes.org/pmwiki/pmwiki.php/Main/MalevolentMutilation'&gt;Malevolent Mutilation&lt;/a&gt;,
 &lt;a href='http://tvtropes.org/pmwiki/pmwiki.php/Main/ManEatingPlant' title='http://tvtropes.org/pmwiki/pmwiki.php/Main/ManEatingPlant'&gt;Man-Eating Plant&lt;/a&gt;,
 &lt;a href='http://tvtropes.org/pmwiki/pmwiki.php/Main/MarionetteMotion' title='http://tvtropes.org/pmwiki/pmwiki.php/Main/MarionetteMotion'&gt;Marionette Motion&lt;/a&gt;,
 &lt;a href='http://tvtropes.org/pmwiki/pmwiki.php/Main/MeatMoss' title='http://tvtropes.org/pmwiki/pmwiki.php/Main/MeatMoss'&gt;Meat Moss&lt;/a&gt;,
 &lt;a href='http://tvtropes.org/pmwiki/pmwiki.php/Main/MeaningfulBackgroundEvent' title='http://tvtropes.org/pmwiki/pmwiki.php/Main/MeaningfulBackgroundEvent'&gt;Meaningful Background Event&lt;/a&gt;,
 &lt;a href='http://tvtropes.org/pmwiki/pmwiki.php/Main/MedicalHorror' title='http://tvtropes.org/pmwiki/pmwiki.php/Main/MedicalHorror'&gt;Medical Horror&lt;/a&gt;,
 &lt;a href='http://tvtropes.org/pmwiki/pmwiki.php/Main/MenstrualMenace' title='http://tvtropes.org/pmwiki/pmwiki.php/Main/MenstrualMenace'&gt;Menstrual Menace&lt;/a&gt;,
 &lt;a href='http://tvtropes.org/pmwiki/pmwiki.php/Main/MirrorMonster' title='http://tvtropes.org/pmwiki/pmwiki.php/Main/MirrorMonster'&gt;Mirror Monster&lt;/a&gt;,
 &lt;a href='http://tvtropes.org/pmwiki/pmwiki.php/Main/MirrorScare' title='http://tvtropes.org/pmwiki/pmwiki.php/Main/MirrorScare'&gt;Mirror Scare&lt;/a&gt;,
 &lt;a href='http://tvtropes.org/pmwiki/pmwiki.php/Main/MobileMenace' title='http://tvtropes.org/pmwiki/pmwiki.php/Main/MobileMenace'&gt;Mobile Menace&lt;/a&gt;,
 &lt;a href='http://tvtropes.org/pmwiki/pmwiki.php/Main/MonsterClown' title='http://tvtropes.org/pmwiki/pmwiki.php/Main/MonsterClown'&gt;Monster Clown&lt;/a&gt;,
 &lt;a href='http://tvtropes.org/pmwiki/pmwiki.php/Main/MonsterProgenitor' title='http://tvtropes.org/pmwiki/pmwiki.php/Main/MonsterProgenitor'&gt;Monster Progenitor&lt;/a&gt;,
 &lt;a href='http://tvtropes.org/pmwiki/pmwiki.php/Main/MonstersAnonymous' title='http://tvtropes.org/pmwiki/pmwiki.php/Main/MonstersAnonymous'&gt;Monsters Anonymous&lt;/a&gt;,
 &lt;a href='http://tvtropes.org/pmwiki/pmwiki.php/Main/MonstrousHumanoid' title='http://tvtropes.org/pmwiki/pmwiki.php/Main/MonstrousHumanoid'&gt;Monstrous Humanoid&lt;/a&gt;,
 &lt;a href='http://tvtropes.org/pmwiki/pmwiki.php/Main/MookHorrorShow' title='http://tvtropes.org/pmwiki/pmwiki.php/Main/MookHorrorShow'&gt;Mook Horror Show&lt;/a&gt;,
 &lt;a href='http://tvtropes.org/pmwiki/pmwiki.php/Main/TheMostDangerousVideoGame' title='http://tvtropes.org/pmwiki/pmwiki.php/Main/TheMostDangerousVideoGame'&gt;The Most Dangerous Video Game&lt;/a&gt;,
 &lt;a href='http://tvtropes.org/pmwiki/pmwiki.php/Main/MotherOfAThousandYoung' title='http://tvtropes.org/pmwiki/pmwiki.php/Main/MotherOfAThousandYoung'&gt;Mother of a Thousand Young&lt;/a&gt;,
 &lt;a href='http://tvtropes.org/pmwiki/pmwiki.php/Main/MouthStitchedShut' title='http://tvtropes.org/pmwiki/pmwiki.php/Main/MouthStitchedShut'&gt;Mouth Stitched Shut&lt;/a&gt;,
 &lt;a href='http://tvtropes.org/pmwiki/pmwiki.php/Main/Mummy' title='http://tvtropes.org/pmwiki/pmwiki.php/Main/Mummy'&gt;Mummy&lt;/a&gt;,
 &lt;a href='http://tvtropes.org/pmwiki/pmwiki.php/Main/MummiesAtTheDinnerTable' title='http://tvtropes.org/pmwiki/pmwiki.php/Main/MummiesAtTheDinnerTable'&gt;Mummies at the Dinner Table&lt;/a&gt;,
 &lt;a href='http://tvtropes.org/pmwiki/pmwiki.php/Main/Mundanger' title='http://tvtropes.org/pmwiki/pmwiki.php/Main/Mundanger'&gt;Mundanger&lt;/a&gt;,
 &lt;a href='http://tvtropes.org/pmwiki/pmwiki.php/Main/MurderByCremation' title='http://tvtropes.org/pmwiki/pmwiki.php/Main/MurderByCremation'&gt;Murder by Cremation&lt;/a&gt;,
 &lt;a href='http://tvtropes.org/pmwiki/pmwiki.php/Main/MurderWater' title='http://tvtropes.org/pmwiki/pmwiki.php/Main/MurderWater'&gt;Murder Water&lt;/a&gt;,
 &lt;a href='http://tvtropes.org/pmwiki/pmwiki.php/Main/MurderousMannequin' title='http://tvtropes.org/pmwiki/pmwiki.php/Main/MurderousMannequin'&gt;Murderous Mannequin&lt;/a&gt;,
 &lt;a href='http://tvtropes.org/pmwiki/pmwiki.php/Main/MurderousMask' title='http://tvtropes.org/pmwiki/pmwiki.php/Main/MurderousMask'&gt;Murderous Mask&lt;/a&gt;,
 &lt;a href='http://tvtropes.org/pmwiki/pmwiki.php/Main/MuseumOfTheStrangeAndUnusual' title='http://tvtropes.org/pmwiki/pmwiki.php/Main/MuseumOfTheStrangeAndUnusual'&gt;Museum of the Strange and Unusual&lt;/a&gt;,
 &lt;a href='http://tvtropes.org/pmwiki/pmwiki.php/Main/NestedMouths' title='http://tvtropes.org/pmwiki/pmwiki.php/Main/NestedMouths'&gt;Nested Mouths&lt;/a&gt;,
 &lt;a href='http://tvtropes.org/pmwiki/pmwiki.php/Main/NeverSleepAgain' title='http://tvtropes.org/pmwiki/pmwiki.php/Main/NeverSleepAgain'&gt;Never Sleep Again&lt;/a&gt;,
 &lt;a href='http://tvtropes.org/pmwiki/pmwiki.php/Main/NewHouseNewProblems' title='http://tvtropes.org/pmwiki/pmwiki.php/Main/NewHouseNewProblems'&gt;New House New Problems&lt;/a&gt;,
 &lt;a href='http://tvtropes.org/pmwiki/pmwiki.php/Main/NightmareFace' title='http://tvtropes.org/pmwiki/pmwiki.php/Main/NightmareFace'&gt;Nightmare Face&lt;/a&gt;,
 &lt;a href='http://tvtropes.org/pmwiki/pmwiki.php/Main/NightmareFuelColoringBook' title='http://tvtropes.org/pmwiki/pmwiki.php/Main/NightmareFuelColoringBook'&gt;Nightmare Fuel Coloring Book&lt;/a&gt;,
 &lt;a href='http://tvtropes.org/pmwiki/pmwiki.php/Main/NightSwimEqualsDeath' title='http://tvtropes.org/pmwiki/pmwiki.php/Main/NightSwimEqualsDeath'&gt;Night Swim Equals Death&lt;/a&gt;,
 &lt;a href='http://tvtropes.org/pmwiki/pmwiki.php/Main/NoFaceUnderTheMask' title='http://tvtropes.org/pmwiki/pmwiki.php/Main/NoFaceUnderTheMask'&gt;No Face Under The Mask&lt;/a&gt;,
 &lt;a href='http://tvtropes.org/pmwiki/pmwiki.php/Main/NoImmortalInertia' title='http://tvtropes.org/pmwiki/pmwiki.php/Main/NoImmortalInertia'&gt;No Immortal Inertia&lt;/a&gt;,
 &lt;a href='http://tvtropes.org/pmwiki/pmwiki.php/Main/NotAMask' title='http://tvtropes.org/pmwiki/pmwiki.php/Main/NotAMask'&gt;Not a Mask&lt;/a&gt;,
 &lt;a href='http://tvtropes.org/pmwiki/pmwiki.php/Main/NothingButSkulls' title='http://tvtropes.org/pmwiki/pmwiki.php/Main/NothingButSkulls'&gt;Nothing but Skulls&lt;/a&gt;,
 &lt;a href='http://tvtropes.org/pmwiki/pmwiki.php/Main/NothingIsScarier' title='http://tvtropes.org/pmwiki/pmwiki.php/Main/NothingIsScarier'&gt;Nothing Is Scarier&lt;/a&gt;,
 &lt;a href='http://tvtropes.org/pmwiki/pmwiki.php/Main/NotUsingTheZWord' title='http://tvtropes.org/pmwiki/pmwiki.php/Main/NotUsingTheZWord'&gt;Not Using the Z Word&lt;/a&gt;,
 &lt;a href='http://tvtropes.org/pmwiki/pmwiki.php/Main/OccultDetective' title='http://tvtropes.org/pmwiki/pmwiki.php/Main/OccultDetective'&gt;Occult Detective&lt;/a&gt;,
 &lt;a href='http://tvtropes.org/pmwiki/pmwiki.php/Main/OccultLawFirm' title='http://tvtropes.org/pmwiki/pmwiki.php/Main/OccultLawFirm'&gt;Occult Law Firm&lt;/a&gt;,
 &lt;a href='http://tvtropes.org/pmwiki/pmwiki.php/Main/OffscreenTeleportation' title='http://tvtropes.org/pmwiki/pmwiki.php/Main/OffscreenTeleportation'&gt;Offscreen Teleportation&lt;/a&gt;,
 &lt;a href='http://tvtropes.org/pmwiki/pmwiki.php/Main/OminousCrack' title='http://tvtropes.org/pmwiki/pmwiki.php/Main/OminousCrack'&gt;Ominous Crack&lt;/a&gt;,
 &lt;a href='http://tvtropes.org/pmwiki/pmwiki.php/Main/OminousFog' title='http://tvtropes.org/pmwiki/pmwiki.php/Main/OminousFog'&gt;Ominous Fog&lt;/a&gt;,
 &lt;a href='http://tvtropes.org/pmwiki/pmwiki.php/Main/FogOfDoom' title='http://tvtropes.org/pmwiki/pmwiki.php/Main/FogOfDoom'&gt;Fog of Doom&lt;/a&gt;,
 &lt;a href='http://tvtropes.org/pmwiki/pmwiki.php/Main/OminouslyOpenDoor' title='http://tvtropes.org/pmwiki/pmwiki.php/Main/OminouslyOpenDoor'&gt;Ominously Open Door&lt;/a&gt;,
 &lt;a href='http://tvtropes.org/pmwiki/pmwiki.php/Main/OminousMusicBoxTune' title='http://tvtropes.org/pmwiki/pmwiki.php/Main/OminousMusicBoxTune'&gt;Ominous Music Box Tune&lt;/a&gt;,
 &lt;a href='http://tvtropes.org/pmwiki/pmwiki.php/Main/OnceIsNotEnough' title='http://tvtropes.org/pmwiki/pmwiki.php/Main/OnceIsNotEnough'&gt;Once is Not Enough&lt;/a&gt;,
 &lt;a href='http://tvtropes.org/pmwiki/pmwiki.php/Main/OrganTheft' title='http://tvtropes.org/pmwiki/pmwiki.php/Main/OrganTheft'&gt;Organ Theft&lt;/a&gt;,
 &lt;a href='http://tvtropes.org/pmwiki/pmwiki.php/Main/OrificeInvasion' title='http://tvtropes.org/pmwiki/pmwiki.php/Main/OrificeInvasion'&gt;Orifice Invasion&lt;/a&gt;,
 &lt;a href='http://tvtropes.org/pmwiki/pmwiki.php/Main/OrificeEvacuation' title='http://tvtropes.org/pmwiki/pmwiki.php/Main/OrificeEvacuation'&gt;Orifice Evacuation&lt;/a&gt;,
 &lt;a href='http://tvtropes.org/pmwiki/pmwiki.php/Main/OurWerewolvesAreDifferent' title='http://tvtropes.org/pmwiki/pmwiki.php/Main/OurWerewolvesAreDifferent'&gt;Our Werewolves Are Different&lt;/a&gt;,
 &lt;a href='http://tvtropes.org/pmwiki/pmwiki.php/Main/PaintTheTownRed' title='http://tvtropes.org/pmwiki/pmwiki.php/Main/PaintTheTownRed'&gt;Paint the Town Red&lt;/a&gt;,
 &lt;a href='http://tvtropes.org/pmwiki/pmwiki.php/Main/PeekABooCorpse' title='http://tvtropes.org/pmwiki/pmwiki.php/Main/PeekABooCorpse'&gt;Peek-A-Boo Corpse&lt;/a&gt;,
 &lt;a href='http://tvtropes.org/pmwiki/pmwiki.php/Main/PeopleFarms' title='http://tvtropes.org/pmwiki/pmwiki.php/Main/PeopleFarms'&gt;People Farms&lt;/a&gt;,
 &lt;a href='http://tvtropes.org/pmwiki/pmwiki.php/Main/PersonalHorror' title='http://tvtropes.org/pmwiki/pmwiki.php/Main/PersonalHorror'&gt;Personal Horror&lt;/a&gt;,
 &lt;a href='http://tvtropes.org/pmwiki/pmwiki.php/Main/PerversePuppet' title='http://tvtropes.org/pmwiki/pmwiki.php/Main/PerversePuppet'&gt;Perverse Puppet&lt;/a&gt;,
 &lt;a href='http://tvtropes.org/pmwiki/pmwiki.php/Main/Phlegmings' title='http://tvtropes.org/pmwiki/pmwiki.php/Main/Phlegmings'&gt;Phlegmings&lt;/a&gt;,
 &lt;a href='http://tvtropes.org/pmwiki/pmwiki.php/Main/PickyPeopleEater' title='http://tvtropes.org/pmwiki/pmwiki.php/Main/PickyPeopleEater'&gt;Picky People Eater&lt;/a&gt;,
 &lt;a href='http://tvtropes.org/pmwiki/pmwiki.php/Main/PleasureIsland' title='http://tvtropes.org/pmwiki/pmwiki.php/Main/PleasureIsland'&gt;Pleasure Island&lt;/a&gt;,
 &lt;a href='http://tvtropes.org/pmwiki/pmwiki.php/Main/ThePowerOfBlood' title='http://tvtropes.org/pmwiki/pmwiki.php/Main/ThePowerOfBlood'&gt;The Power of Blood&lt;/a&gt;,
 &lt;a href='http://tvtropes.org/pmwiki/pmwiki.php/Main/PrankDate' title='http://tvtropes.org/pmwiki/pmwiki.php/Main/PrankDate'&gt;Prank Date&lt;/a&gt;,
 &lt;a href='http://tvtropes.org/pmwiki/pmwiki.php/Main/PretendWereDead' title='http://tvtropes.org/pmwiki/pmwiki.php/Main/PretendWereDead'&gt;Pretend We're Dead&lt;/a&gt;,
 &lt;a href='http://tvtropes.org/pmwiki/pmwiki.php/Main/ProtectThisHouse' title='http://tvtropes.org/pmwiki/pmwiki.php/Main/ProtectThisHouse'&gt;Protect This House&lt;/a&gt;,
 &lt;a href='http://tvtropes.org/pmwiki/pmwiki.php/Main/PsychologicalHorror' title='http://tvtropes.org/pmwiki/pmwiki.php/Main/PsychologicalHorror'&gt;Psychological Horror&lt;/a&gt;,
 &lt;a href='http://tvtropes.org/pmwiki/pmwiki.php/Main/PsychologicalTormentZone' title='http://tvtropes.org/pmwiki/pmwiki.php/Main/PsychologicalTormentZone'&gt;Psychological Torment Zone&lt;/a&gt;,
 &lt;a href='http://tvtropes.org/pmwiki/pmwiki.php/Main/PsychoPartyMember' title='http://tvtropes.org/pmwiki/pmwiki.php/Main/PsychoPartyMember'&gt;Psycho Party Member&lt;/a&gt;,
 &lt;a href='http://tvtropes.org/pmwiki/pmwiki.php/Main/PuppeteerParasite' title='http://tvtropes.org/pmwiki/pmwiki.php/Main/PuppeteerParasite'&gt;Puppeteer Parasite&lt;/a&gt;,
 &lt;a href='http://tvtropes.org/pmwiki/pmwiki.php/Main/OverTheShoulderMurderShot' title='http://tvtropes.org/pmwiki/pmwiki.php/Main/OverTheShoulderMurderShot'&gt;Over The Shoulder Murder Shot&lt;/a&gt;,
 &lt;a href='http://tvtropes.org/pmwiki/pmwiki.php/Main/RainOfBlood' title='http://tvtropes.org/pmwiki/pmwiki.php/Main/RainOfBlood'&gt;Rain of Blood&lt;/a&gt;,
 &lt;a href='http://tvtropes.org/pmwiki/pmwiki.php/Main/RaisingTheSteaks' title='http://tvtropes.org/pmwiki/pmwiki.php/Main/RaisingTheSteaks'&gt;Raising the Steaks&lt;/a&gt;,
 &lt;a href='http://tvtropes.org/pmwiki/pmwiki.php/Main/RazorApples' title='http://tvtropes.org/pmwiki/pmwiki.php/Main/RazorApples'&gt;Razor Apples&lt;/a&gt;,
 &lt;a href='http://tvtropes.org/pmwiki/pmwiki.php/Main/RegretEatingMe' title='http://tvtropes.org/pmwiki/pmwiki.php/Main/RegretEatingMe'&gt;Regret Eating Me&lt;/a&gt;,
 &lt;a href='http://tvtropes.org/pmwiki/pmwiki.php/Main/ResistTheBeast' title='http://tvtropes.org/pmwiki/pmwiki.php/Main/ResistTheBeast'&gt;Resist The Beast&lt;/a&gt;,
 &lt;a href='http://tvtropes.org/pmwiki/pmwiki.php/Main/RemovingTheHeadOrDestroyingTheBrain' title='http://tvtropes.org/pmwiki/pmwiki.php/Main/RemovingTheHeadOrDestroyingTheBrain'&gt;Removing the Head or Destroying the Brain&lt;/a&gt;,
 &lt;a href='http://tvtropes.org/pmwiki/pmwiki.php/Main/RiseFromYourGrave' title='http://tvtropes.org/pmwiki/pmwiki.php/Main/RiseFromYourGrave'&gt;Rise from Your Grave&lt;/a&gt;,
 &lt;a href='http://tvtropes.org/pmwiki/pmwiki.php/Main/Room101' title='http://tvtropes.org/pmwiki/pmwiki.php/Main/Room101'&gt;Room 101&lt;/a&gt;,
 &lt;a href='http://tvtropes.org/pmwiki/pmwiki.php/Main/RoomFullOfCrazy' title='http://tvtropes.org/pmwiki/pmwiki.php/Main/RoomFullOfCrazy'&gt;Room Full of Crazy&lt;/a&gt;,
 &lt;a href='http://tvtropes.org/pmwiki/pmwiki.php/Main/RoomFullOfZombies' title='http://tvtropes.org/pmwiki/pmwiki.php/Main/RoomFullOfZombies'&gt;Room Full Of Zombies&lt;/a&gt;,
 &lt;a href='http://tvtropes.org/pmwiki/pmwiki.php/Main/RuleOfScary' title='http://tvtropes.org/pmwiki/pmwiki.php/Main/RuleOfScary'&gt;Rule of Scary&lt;/a&gt;,
 &lt;a href='http://tvtropes.org/pmwiki/pmwiki.php/Main/Sadist' title='http://tvtropes.org/pmwiki/pmwiki.php/Main/Sadist'&gt;Sadist&lt;/a&gt;,
 &lt;a href='http://tvtropes.org/pmwiki/pmwiki.php/Main/SafeZoneHopeSpot' title='http://tvtropes.org/pmwiki/pmwiki.php/Main/SafeZoneHopeSpot'&gt;Safe Zone Hope Spot&lt;/a&gt;,
 &lt;a href='http://tvtropes.org/pmwiki/pmwiki.php/Main/TheSavageSouth' title='http://tvtropes.org/pmwiki/pmwiki.php/Main/TheSavageSouth'&gt;The Savage South&lt;/a&gt;,
 &lt;a href='http://tvtropes.org/pmwiki/pmwiki.php/Main/ScareChord' title='http://tvtropes.org/pmwiki/pmwiki.php/Main/ScareChord'&gt;Scare Chord&lt;/a&gt;,
 &lt;a href='http://tvtropes.org/pmwiki/pmwiki.php/Main/ScaryFlashlightFace' title='http://tvtropes.org/pmwiki/pmwiki.php/Main/ScaryFlashlightFace'&gt;Scary Flashlight Face&lt;/a&gt;,
 &lt;a href='http://tvtropes.org/pmwiki/pmwiki.php/Main/ScaryJackInTheBox' title='http://tvtropes.org/pmwiki/pmwiki.php/Main/ScaryJackInTheBox'&gt;Scary Jack In The Box&lt;/a&gt;,
 &lt;a href='http://tvtropes.org/pmwiki/pmwiki.php/Main/ScaryScarecrows' title='http://tvtropes.org/pmwiki/pmwiki.php/Main/ScaryScarecrows'&gt;Scary Scarecrows&lt;/a&gt;,
 &lt;a href='http://tvtropes.org/pmwiki/pmwiki.php/Main/ScaryScorpions' title='http://tvtropes.org/pmwiki/pmwiki.php/Main/ScaryScorpions'&gt;Scary Scorpions&lt;/a&gt;,
 &lt;a href='http://tvtropes.org/pmwiki/pmwiki.php/Main/ScreamerTrailer' title='http://tvtropes.org/pmwiki/pmwiki.php/Main/ScreamerTrailer'&gt;Screamer Trailer&lt;/a&gt;,
 &lt;a href='http://tvtropes.org/pmwiki/pmwiki.php/Main/ScreamingWoman' title='http://tvtropes.org/pmwiki/pmwiki.php/Main/ScreamingWoman'&gt;Screaming Woman&lt;/a&gt;,
 &lt;a href='http://tvtropes.org/pmwiki/pmwiki.php/Main/TheSecretOfLongPorkPies' title='http://tvtropes.org/pmwiki/pmwiki.php/Main/TheSecretOfLongPorkPies'&gt;The Secret of Long Pork Pies&lt;/a&gt;,
 &lt;a href='http://tvtropes.org/pmwiki/pmwiki.php/Main/SecurityCling' title='http://tvtropes.org/pmwiki/pmwiki.php/Main/SecurityCling'&gt;Security Cling&lt;/a&gt;,
 &lt;a href='http://tvtropes.org/pmwiki/pmwiki.php/Main/SeeThruSpecs' title='http://tvtropes.org/pmwiki/pmwiki.php/Main/SeeThruSpecs'&gt;See-Thru Specs&lt;/a&gt;,
 &lt;a href='http://tvtropes.org/pmwiki/pmwiki.php/Main/SenselessPhagia' title='http://tvtropes.org/pmwiki/pmwiki.php/Main/SenselessPhagia'&gt;Senseless Phagia&lt;/a&gt;,
 &lt;a href='http://tvtropes.org/pmwiki/pmwiki.php/Main/SensorSuspense' title='http://tvtropes.org/pmwiki/pmwiki.php/Main/SensorSuspense'&gt;Sensor Suspense&lt;/a&gt;,
 &lt;a href='http://tvtropes.org/pmwiki/pmwiki.php/Main/SensoryAbuse' title='http://tvtropes.org/pmwiki/pmwiki.php/Main/SensoryAbuse'&gt;Sensory Abuse&lt;/a&gt;,
 &lt;a href='http://tvtropes.org/pmwiki/pmwiki.php/Main/SerialKiller' title='http://tvtropes.org/pmwiki/pmwiki.php/Main/SerialKiller'&gt;Serial Killer&lt;/a&gt;,
 &lt;a href='http://tvtropes.org/pmwiki/pmwiki.php/Main/TheSevenMysteries' title='http://tvtropes.org/pmwiki/pmwiki.php/Main/TheSevenMysteries'&gt;The Seven Mysteries&lt;/a&gt;,
 &lt;a href='http://tvtropes.org/pmwiki/pmwiki.php/Main/ShadowDiscretionShot' title='http://tvtropes.org/pmwiki/pmwiki.php/Main/ShadowDiscretionShot'&gt;Shadow Discretion Shot&lt;/a&gt;,
 &lt;a href='http://tvtropes.org/pmwiki/pmwiki.php/Main/ShaggySearchTechnique' title='http://tvtropes.org/pmwiki/pmwiki.php/Main/ShaggySearchTechnique'&gt;Shaggy Search Technique&lt;/a&gt;,
 &lt;a href='http://tvtropes.org/pmwiki/pmwiki.php/Main/SilverBullet' title='http://tvtropes.org/pmwiki/pmwiki.php/Main/SilverBullet'&gt;Silver Bullet&lt;/a&gt;,
 &lt;a href='http://tvtropes.org/pmwiki/pmwiki.php/Main/SinisterScrapingSound' title='http://tvtropes.org/pmwiki/pmwiki.php/Main/SinisterScrapingSound'&gt;Sinister Scraping Sound&lt;/a&gt;,
 &lt;a href='http://tvtropes.org/pmwiki/pmwiki.php/Main/SkeleBot9000' title='http://tvtropes.org/pmwiki/pmwiki.php/Main/SkeleBot9000'&gt;Skele Bot 9000&lt;/a&gt;,
 &lt;a href='http://tvtropes.org/pmwiki/pmwiki.php/Main/SkeletonCrew' title='http://tvtropes.org/pmwiki/pmwiki.php/Main/SkeletonCrew'&gt;Skeleton Crew&lt;/a&gt;,
 &lt;a href='http://tvtropes.org/pmwiki/pmwiki.php/Main/SlashersPreferBlondes' title='http://tvtropes.org/pmwiki/pmwiki.php/Main/SlashersPreferBlondes'&gt;Slashers Prefer Blondes&lt;/a&gt;,
 &lt;a href='http://tvtropes.org/pmwiki/pmwiki.php/Main/SlowTransformation' title='http://tvtropes.org/pmwiki/pmwiki.php/Main/SlowTransformation'&gt;Slow Transformation&lt;/a&gt;,
 &lt;a href='http://tvtropes.org/pmwiki/pmwiki.php/Main/SoleSurvivingScientist' title='http://tvtropes.org/pmwiki/pmwiki.php/Main/SoleSurvivingScientist'&gt;Sole Surviving Scientist&lt;/a&gt;,
 &lt;a href='http://tvtropes.org/pmwiki/pmwiki.php/Main/SortingAlgorithmOfMortality' title='http://tvtropes.org/pmwiki/pmwiki.php/Main/SortingAlgorithmOfMortality'&gt;Sorting Algorithm of Mortality&lt;/a&gt;,
 &lt;a href='http://tvtropes.org/pmwiki/pmwiki.php/Main/SpidersAreScary' title='http://tvtropes.org/pmwiki/pmwiki.php/Main/SpidersAreScary'&gt;Spiders Are Scary&lt;/a&gt;,
 &lt;a href='http://tvtropes.org/pmwiki/pmwiki.php/Main/SpookyPainting' title='http://tvtropes.org/pmwiki/pmwiki.php/Main/SpookyPainting'&gt;Spooky Painting&lt;/a&gt;,
 &lt;a href='http://tvtropes.org/pmwiki/pmwiki.php/Main/SpookyPhotographs' title='http://tvtropes.org/pmwiki/pmwiki.php/Main/SpookyPhotographs'&gt;Spooky Photographs&lt;/a&gt;,
 &lt;a href='http://tvtropes.org/pmwiki/pmwiki.php/Main/SpookySeance' title='http://tvtropes.org/pmwiki/pmwiki.php/Main/SpookySeance'&gt;Spooky Seance&lt;/a&gt;,
 &lt;a href='http://tvtropes.org/pmwiki/pmwiki.php/Main/SpringLoadedCorpse' title='http://tvtropes.org/pmwiki/pmwiki.php/Main/SpringLoadedCorpse'&gt;Spring Loaded Corpse&lt;/a&gt;,
 &lt;a href='http://tvtropes.org/pmwiki/pmwiki.php/Main/StagesOfMonsterGrief' title='http://tvtropes.org/pmwiki/pmwiki.php/Main/StagesOfMonsterGrief'&gt;Stages of Monster Grief&lt;/a&gt;,
 &lt;a href='http://tvtropes.org/pmwiki/pmwiki.php/Main/StakingTheLovedOne' title='http://tvtropes.org/pmwiki/pmwiki.php/Main/StakingTheLovedOne'&gt;Staking the Loved One&lt;/a&gt;,
 &lt;a href='http://tvtropes.org/pmwiki/pmwiki.php/Main/TheStarsAreGoingOut' title='http://tvtropes.org/pmwiki/pmwiki.php/Main/TheStarsAreGoingOut'&gt;The Stars Are Going Out&lt;/a&gt;,
 &lt;a href='http://tvtropes.org/pmwiki/pmwiki.php/Main/SuddenSequelDeathSyndrome' title='http://tvtropes.org/pmwiki/pmwiki.php/Main/SuddenSequelDeathSyndrome'&gt;Sudden Sequel Death Syndrome&lt;/a&gt;,
 &lt;a href='http://tvtropes.org/pmwiki/pmwiki.php/Main/SupernaturalProofFather' title='http://tvtropes.org/pmwiki/pmwiki.php/Main/SupernaturalProofFather'&gt;Supernatural Proof Father&lt;/a&gt;,
 &lt;a href='http://tvtropes.org/pmwiki/pmwiki.php/Main/SurprisinglySuddenDeath' title='http://tvtropes.org/pmwiki/pmwiki.php/Main/SurprisinglySuddenDeath'&gt;Surprisingly Sudden Death&lt;/a&gt;,
 &lt;a href='http://tvtropes.org/pmwiki/pmwiki.php/Main/SurrealHorror' title='http://tvtropes.org/pmwiki/pmwiki.php/Main/SurrealHorror'&gt;Surreal Horror&lt;/a&gt;,
 &lt;a href='http://tvtropes.org/pmwiki/pmwiki.php/Main/SwarmOfRats' title='http://tvtropes.org/pmwiki/pmwiki.php/Main/SwarmOfRats'&gt;Swarm of Rats&lt;/a&gt;,
 &lt;a href='http://tvtropes.org/pmwiki/pmwiki.php/Main/TaxidermyIsCreepy' title='http://tvtropes.org/pmwiki/pmwiki.php/Main/TaxidermyIsCreepy'&gt;Taxidermy Is Creepy&lt;/a&gt;,
 &lt;a href='http://tvtropes.org/pmwiki/pmwiki.php/Main/TaxidermyTerror' title='http://tvtropes.org/pmwiki/pmwiki.php/Main/TaxidermyTerror'&gt;Taxidermy Terror&lt;/a&gt;,
 &lt;a href='http://tvtropes.org/pmwiki/pmwiki.php/Main/TentativeLight' title='http://tvtropes.org/pmwiki/pmwiki.php/Main/TentativeLight'&gt;Tentative Light&lt;/a&gt;,
 &lt;a href='http://tvtropes.org/pmwiki/pmwiki.php/Main/TelevisionPortal' title='http://tvtropes.org/pmwiki/pmwiki.php/Main/TelevisionPortal'&gt;Television Portal&lt;/a&gt;,
 &lt;a href='http://tvtropes.org/pmwiki/pmwiki.php/Main/TerrorAtMakeOutPoint' title='http://tvtropes.org/pmwiki/pmwiki.php/Main/TerrorAtMakeOutPoint'&gt;Terror At Make Out Point&lt;/a&gt;,
 &lt;a href='http://tvtropes.org/pmwiki/pmwiki.php/Main/TooMuchForManToHandle' title='http://tvtropes.org/pmwiki/pmwiki.php/Main/TooMuchForManToHandle'&gt;Too Much For Man To Handle&lt;/a&gt;,
 &lt;a href='http://tvtropes.org/pmwiki/pmwiki.php/Main/TheseAreThingsManWasNotMeantToKnow' title='http://tvtropes.org/pmwiki/pmwiki.php/Main/TheseAreThingsManWasNotMeantToKnow'&gt;These Are Things Man Was Not Meant to Know&lt;/a&gt;,
 &lt;a href='http://tvtropes.org/pmwiki/pmwiki.php/Main/ThingsThatGoBumpInTheNight' title='http://tvtropes.org/pmwiki/pmwiki.php/Main/ThingsThatGoBumpInTheNight'&gt;Things That Go Bump in the Night&lt;/a&gt;,
 &lt;a href='http://tvtropes.org/pmwiki/pmwiki.php/Main/ThroughTheEyesOfMadness' title='http://tvtropes.org/pmwiki/pmwiki.php/Main/ThroughTheEyesOfMadness'&gt;Through the Eyes of Madness&lt;/a&gt;,
 &lt;a href='http://tvtropes.org/pmwiki/pmwiki.php/Main/TooManyMouths' title='http://tvtropes.org/pmwiki/pmwiki.php/Main/TooManyMouths'&gt;Too Many Mouths&lt;/a&gt;,
 &lt;a href='http://tvtropes.org/pmwiki/pmwiki.php/Main/TouchOfTheMonster' title='http://tvtropes.org/pmwiki/pmwiki.php/Main/TouchOfTheMonster'&gt;Touch of the Monster&lt;/a&gt;,
 &lt;a href='http://tvtropes.org/pmwiki/pmwiki.php/Main/TongueTrauma' title='http://tvtropes.org/pmwiki/pmwiki.php/Main/TongueTrauma'&gt;Tongue Trauma&lt;/a&gt;,
 &lt;a href='http://tvtropes.org/pmwiki/pmwiki.php/Main/TorsoWithAView' title='http://tvtropes.org/pmwiki/pmwiki.php/Main/TorsoWithAView'&gt;Torso with a View&lt;/a&gt;,
 &lt;a href='http://tvtropes.org/pmwiki/pmwiki.php/Main/TortureCellar' title='http://tvtropes.org/pmwiki/pmwiki.php/Main/TortureCellar'&gt;Torture Cellar&lt;/a&gt;,
 &lt;a href='http://tvtropes.org/pmwiki/pmwiki.php/Main/TownWithADarkSecret' title='http://tvtropes.org/pmwiki/pmwiki.php/Main/TownWithADarkSecret'&gt;Town with a Dark Secret&lt;/a&gt;,
 &lt;a href='http://tvtropes.org/pmwiki/pmwiki.php/Main/TraumaticCSection' title='http://tvtropes.org/pmwiki/pmwiki.php/Main/TraumaticCSection'&gt;Traumatic C-Section&lt;/a&gt;,
 &lt;a href='http://tvtropes.org/pmwiki/pmwiki.php/Main/Tulpa' title='http://tvtropes.org/pmwiki/pmwiki.php/Main/Tulpa'&gt;Tulpa&lt;/a&gt;,
 &lt;a href='http://tvtropes.org/pmwiki/pmwiki.php/Main/Uberwald' title='http://tvtropes.org/pmwiki/pmwiki.php/Main/Uberwald'&gt;Ãberwald&lt;/a&gt;,
 &lt;a href='http://tvtropes.org/pmwiki/pmwiki.php/Main/UltimateEvil' title='http://tvtropes.org/pmwiki/pmwiki.php/Main/UltimateEvil'&gt;Ultimate Evil&lt;/a&gt;,
 &lt;a href='http://tvtropes.org/pmwiki/pmwiki.php/Main/UncannyValley' title='http://tvtropes.org/pmwiki/pmwiki.php/Main/UncannyValley'&gt;Uncanny Valley&lt;/a&gt;,
 &lt;a href='http://tvtropes.org/pmwiki/pmwiki.php/Main/UncannyValleyMakeup' title='http://tvtropes.org/pmwiki/pmwiki.php/Main/UncannyValleyMakeup'&gt;Uncanny Valley Makeup&lt;/a&gt;,
 &lt;a href='http://tvtropes.org/pmwiki/pmwiki.php/Main/UndeadAuthor' title='http://tvtropes.org/pmwiki/pmwiki.php/Main/UndeadAuthor'&gt;Undead Author&lt;/a&gt;,
 &lt;a href='http://tvtropes.org/pmwiki/pmwiki.php/Main/UnexpectedlyAbandoned' title='http://tvtropes.org/pmwiki/pmwiki.php/Main/UnexpectedlyAbandoned'&gt;Unexpectedly Abandoned&lt;/a&gt;,
 &lt;a href='http://tvtropes.org/pmwiki/pmwiki.php/Main/UnfinishedBusiness' title='http://tvtropes.org/pmwiki/pmwiki.php/Main/UnfinishedBusiness'&gt;Unfinished Business&lt;/a&gt;,
 &lt;a href='http://tvtropes.org/pmwiki/pmwiki.php/Main/UrbanLegends' title='http://tvtropes.org/pmwiki/pmwiki.php/Main/UrbanLegends'&gt;Urban Legends&lt;/a&gt;,
 &lt;a href='http://tvtropes.org/pmwiki/pmwiki.php/Main/VampireInvitation' title='http://tvtropes.org/pmwiki/pmwiki.php/Main/VampireInvitation'&gt;Vampire Invitation&lt;/a&gt;,
 &lt;a href='http://tvtropes.org/pmwiki/pmwiki.php/Main/VaginaDentata' title='http://tvtropes.org/pmwiki/pmwiki.php/Main/VaginaDentata'&gt;Vagina Dentata&lt;/a&gt;,
 &lt;a href='http://tvtropes.org/pmwiki/pmwiki.php/Main/VanHelsingHateCrimes' title='http://tvtropes.org/pmwiki/pmwiki.php/Main/VanHelsingHateCrimes'&gt;Van Helsing Hate Crimes&lt;/a&gt;,
 &lt;a href='http://tvtropes.org/pmwiki/pmwiki.php/Main/VeryLooselyBasedOnATrueStory' title='http://tvtropes.org/pmwiki/pmwiki.php/Main/VeryLooselyBasedOnATrueStory'&gt;Very Loosely Based on a True Story&lt;/a&gt;,
 &lt;a href='http://tvtropes.org/pmwiki/pmwiki.php/Main/ViralTransformation' title='http://tvtropes.org/pmwiki/pmwiki.php/Main/ViralTransformation'&gt;Viral Transformation&lt;/a&gt;,
 &lt;a href='http://tvtropes.org/pmwiki/pmwiki.php/Main/TheVirus' title='http://tvtropes.org/pmwiki/pmwiki.php/Main/TheVirus'&gt;The Virus&lt;/a&gt;,
 &lt;a href='http://tvtropes.org/pmwiki/pmwiki.php/Main/TheCorruption' title='http://tvtropes.org/pmwiki/pmwiki.php/Main/TheCorruption'&gt;The Corruption&lt;/a&gt;,
 &lt;a href='http://tvtropes.org/pmwiki/pmwiki.php/Main/VirusVictimSymptoms' title='http://tvtropes.org/pmwiki/pmwiki.php/Main/VirusVictimSymptoms'&gt;Virus Victim Symptoms&lt;/a&gt;,
 &lt;a href='http://tvtropes.org/pmwiki/pmwiki.php/Main/WalkingBackwards' title='http://tvtropes.org/pmwiki/pmwiki.php/Main/WalkingBackwards'&gt;Walking Backwards&lt;/a&gt;,
 &lt;a href='http://tvtropes.org/pmwiki/pmwiki.php/Main/WaxMuseumMorgue' title='http://tvtropes.org/pmwiki/pmwiki.php/Main/WaxMuseumMorgue'&gt;Wax Museum Morgue&lt;/a&gt;,
 &lt;a href='http://tvtropes.org/pmwiki/pmwiki.php/Main/WeAreExperiencingTechnicalDifficulties' title='http://tvtropes.org/pmwiki/pmwiki.php/Main/WeAreExperiencingTechnicalDifficulties'&gt;We Are Experiencing Technical Difficulties&lt;/a&gt;,
 &lt;a href='http://tvtropes.org/pmwiki/pmwiki.php/Main/Wendigo' title='http://tvtropes.org/pmwiki/pmwiki.php/Main/Wendigo'&gt;Wendigo&lt;/a&gt;,
 &lt;a href='http://tvtropes.org/pmwiki/pmwiki.php/Main/WhatHappenedToMommy' title='http://tvtropes.org/pmwiki/pmwiki.php/Main/WhatHappenedToMommy'&gt;What Happened To Mommy&lt;/a&gt;?,
 &lt;a href='http://tvtropes.org/pmwiki/pmwiki.php/Main/WhiteMaskOfDoom' title='http://tvtropes.org/pmwiki/pmwiki.php/Main/WhiteMaskOfDoom'&gt;White Mask of Doom&lt;/a&gt;,
 &lt;a href='http://tvtropes.org/pmwiki/pmwiki.php/Main/WhoYouGonnaCall' title='http://tvtropes.org/pmwiki/pmwiki.php/Main/WhoYouGonnaCall'&gt;Who You Gonna Call?&lt;/a&gt;,
 &lt;a href='http://tvtropes.org/pmwiki/pmwiki.php/Main/WipeThatSmileOffYourFace' title='http://tvtropes.org/pmwiki/pmwiki.php/Main/WipeThatSmileOffYourFace'&gt;Wipe That Smile Off Your Face&lt;/a&gt;,
 &lt;a href='http://tvtropes.org/pmwiki/pmwiki.php/Main/WithGreatPowerComesGreatInsanity' title='http://tvtropes.org/pmwiki/pmwiki.php/Main/WithGreatPowerComesGreatInsanity'&gt;With Great Power Comes Great Insanity&lt;/a&gt;,
 &lt;a href='http://tvtropes.org/pmwiki/pmwiki.php/Main/WordSaladHorror' title='http://tvtropes.org/pmwiki/pmwiki.php/Main/WordSaladHorror'&gt;Word Salad Horror&lt;/a&gt;,
 &lt;a href='http://tvtropes.org/pmwiki/pmwiki.php/Main/TheWormThatWalks' title='http://tvtropes.org/pmwiki/pmwiki.php/Main/TheWormThatWalks'&gt;The Worm That Walks&lt;/a&gt;,
 &lt;a href='http://tvtropes.org/pmwiki/pmwiki.php/Main/YouAreWhoYouEat' title='http://tvtropes.org/pmwiki/pmwiki.php/Main/YouAreWhoYouEat'&gt;You Are Who You Eat&lt;/a&gt;,
 &lt;a href='http://tvtropes.org/pmwiki/pmwiki.php/Main/YouLookLikeYouveSeenAGhost' title='http://tvtropes.org/pmwiki/pmwiki.php/Main/YouLookLikeYouveSeenAGhost'&gt;You Look Like You've Seen a Ghost&lt;/a&gt;,
 &lt;a href='http://tvtropes.org/pmwiki/pmwiki.php/Main/YouthIsWastedOnTheDumb' title='http://tvtropes.org/pmwiki/pmwiki.php/Main/YouthIsWastedOnTheDumb'&gt;Youth Is Wasted on the Dumb&lt;/a&gt;,
 &lt;a href='http://tvtropes.org/pmwiki/pmwiki.php/Main/ZombieApocalypse' title='http://tvtropes.org/pmwiki/pmwiki.php/Main/ZombieApocalypse'&gt;Zombie Apocalypse&lt;/a&gt;,
