 The Cake Is Not a Lie,
 Cuddling,
 Zucchini,
 I'm Sexual - But I'm Ace for You,
 Queerplatonic,
 Nonphysical Passions,
 Late Bloomer,
 Nonsexual Touch,
 Taking It Slow,
 Ace Pride Flag,
 Mating Strictly for Procreation,
 Demiromantic,
 This Is Not a Date,
 Aromantic Extrovert,
 The Friendzone Is My Safe Place,
 Asexual / Demi Species,
 Bromance,
 Artificial Reproduction,
 I Only Make Love with Myself,
 Ace / Demi Deities,
 Ace in a Polyfamily,
 Courtly Romance,
 My Aromantic Valentine,
 Demisexual Villain Slowly Falls in Love with Hero,
 Romance-free Plot Zone,
 Ace Hero Doesn't Want the Girl,
 Marriage of Convenience,
 Ace / Demi Parents,
 I'll Be Your Wingman,
 No Such Thing as "Just" Friends
