 Ethnic Pride,
 Internalized Racism,
 Visiting the Ancestral Homeland,
 Interracial Relationships,
 Heritage Language,
 Metis / Rainbow / Mixed-Race,
 Traditional Crafts,
 Institutionalized Racism,
 Canonical Protagonists of Color,
 Genocide,
 Black Guy Alive at the End,
 Racebending,
 Not All Asians Know Martial Arts,
 Hyphenated Nationalities,
 Ethnic Hair ,
 Civil Rights,
 Porters Really Got There First,
 Driving While Black,
 Where Are the Latinas?,
 We Told You the Cobras Could Spit,
 Blood Quanta,
 Hamlet in the Bush,
 Scarification / Body Modification,
 Ethnic Music,
 Tokens and Bridgeheads,
 Erasure of Racial Heroes,
 Lost Tribes,
 Ancient Empires,
 Racist Has Ancestors of Color
