 Canonical Disability,
 Born Like This,
 Deaf Culture ,
 Abilitybending,
 Disability Pride,
 Adaptive Equipment,
 That Episode Should Have Crippled Them,
 Creative Solutions to Limits,
 Special Olympics / Handicapped Sports,
 But You Don't Look Sick? (Invisible Handicaps),
 Family Support Makes a Difference,
 Out of Spoons (Energy Limitations),
 Accessibility FAIL,
 Disadvantage to Advantage,
 Service Animals,
 Magical Disability,
 Handicapped Heroes,
 Your Ability Is a Disability Here,
 Compensating for Each Other's Weaknesses,
 Im in Ur History Emphasizin Ur Cripples,
 Sign Language,
 Handicaps in the Future,
 All-Disabled Heroic Team,
 Erasure of Handicapped People ,
 Involuntary Healing,
 Formidable Handicapped Villain,
 Stop Treating Me Like a Child,
 Seeing from a Different Perspective,
 Temporarily Enabled,
 Refusal to Make Accommodations
