Aboriginal Australian, African-American, African-Hebrew, Afro-Asian, Algonquian, Amish, Ashkenazi Jews, Ashanti, Balinese, Basque, Bavarian, Bedouin, Belarusian, Berber, 
Blackfeet, Black British, Black Indians, Breton, Cajun, Cantonese, Castilian, Carib, Catalan, Celtic, Cherokee, Cheyenne, Chicano, Comanche, Congolese, Cornish, Créole, Cuban, 
Dominican, Dougla (African/ East Indian), Druze, Dutch, Ecuadorian, Egyptian, Estonian, Fijian, Filatina (Filipino/Latin), Finn, Flemish, Fon, French-Canadian, Gael, Galician, 
Georgian, Greek Cypriots, Griffe (American Indian/African), Guarani, Gullah, Haidah, Haitian, Han Chinese, Hapa (Hawaiian/American/Asian), Hausa, Hawaiian, Hindi, Hispanic, 
Hmong, Hopi, Huron, Hutu, Igbo, Incan, Inuit, Iroquois, Italian, Japanese, Javanese, Kazakh, Kiowa, Korean, Kurd, Lakota, Lao-American, Latvian, Lithuanian, Maasai, Magyar, 
Malay, Manchu, Manx, Māori, Mennonite, Mestizo (Native American/Spanish), Métis (Native American/French Canadian), Metisse (Native American/European), Moor, Navajo, Nubian, 
Ojibwa, Okies, Okinawan, Oneida, Palestinian, Pashtun, Pennsylvania Dutch, Pied-noir, Pueblo, Punjabi, Qiang, Québécois, Quechua, Rainbow (multiracial), Rajasthani, Romani, 
Sami, Samoan, Scottish, Seminole, Senegalese, Sephardic Jews, Sherpa, Slavic, Somali, Sudanese, Swahili, Swede, Tagalog, Tajik, Tamil, Tatar, Tibetan, Tlingit, Tuareg, Tutsi, 
Ukranian, Uyghur, Valencian, Volga Germans, Welsh,
Wolof, Xhosa, Yakut, Yoruban, Zambo, Zulu, Zuni
