 After the End,
 Bug War,
 Abandoned Laboratory ,
 Fantastic Nature Reserve,
 Prehistory,
 Bazaar of the Bizarre,
 Golden Age of Piracy,
 Boom Town,
 Death World,
 City of Canals,
 Hedge Maze,
 Forbidden Zone,
 Genius Loci,
 Elevator,
 Hotel California,
 Inside a Computer System,
 Galactic Sargasso,
 Herland,
 Last Fertile Region,
 Magical Library,
 Cardboard Prison,
 Patchwork World,
 Opium Den,
 Red Light District,
 Underground City,
 Spy School,
 Torture Cellar,
 Sapient Ship,
 The War Room,
 Youth Center
