The theft of fish 1,
How the bear lost his tail 2 (&lt;a href="http://en.wikipedia.org/wiki/Why_the_Bear_Is_Stumpy-Tailed" title="Why the Bear Is Stumpy-Tailed"&gt;Norwegian&lt;/a&gt;),
Biting the foot 5,
The calling of three tree names 7,
The unjust partner 9,
Stealing the Partner's Butter 15 (&lt;a href="http://en.wikipedia.org/wiki/Cat_and_Mouse_in_Partnership" title="Cat and Mouse in Partnership"&gt;German&lt;/a&gt;),
The fox as shepherd 37,
The bear and the honey 49,
&lt;a href="http://en.wikipedia.org/wiki/Lion%27s_share" title="Lion's share"&gt;The Lion's share&lt;/a&gt; 51 (&lt;a href="http://en.wikipedia.org/wiki/Aesop%27s_Fables" title="Aesop's Fables"&gt;Aesop&lt;/a&gt;),
Mrs. Fox's Suitors 65 (&lt;a href="http://en.wikipedia.org/wiki/The_Wedding_of_Mrs._Fox" title="The Wedding of Mrs. Fox"&gt;German&lt;/a&gt;),
Greed 68A (&lt;a href="http://en.wikipedia.org/wiki/The_Boy_and_the_Filberts" title="The Boy and the Filberts"&gt;The Boy and the Filberts&lt;/a&gt;; Aesop),
More cowardly than the hare 70,
Too cold for hare to build house in winter 81,
&lt;a href="http://en.wikipedia.org/wiki/The_Mouse%2C_the_Bird%2C_and_the_Sausage" title="The Mouse; the Bird; and the Sausage"&gt;The Mouse; the Bird; and the Sausage&lt;/a&gt; 85,
&lt;a href="http://en.wikipedia.org/wiki/The_Heart_of_a_Monkey" title="The Heart of a Monkey"&gt;The Heart of a Monkey&lt;/a&gt; 91,
When the hare was married 96,
The old dog rescues the child 101 (&lt;a href="http://en.wikipedia.org/wiki/Old_Sultan" title="Old Sultan"&gt;German&lt;/a&gt;),
&lt;a href="http://en.wikipedia.org/wiki/The_Town_Mouse_and_the_Country_Mouse" title="The Town Mouse and the Country Mouse"&gt;Town Mouse and Country Mouse&lt;/a&gt; 112,
Death of an elf (or cat) 113A (&lt;a href="http://en.wikipedia.org/wiki/The_King_of_the_Cats" title="The King of the Cats"&gt;English&lt;/a&gt;),
Eat me when I'm fatter 122E (&lt;a href="http://en.wikipedia.org/wiki/Three_Billy_Goats_Gruff" title="Three Billy Goats Gruff"&gt;Norwegian&lt;/a&gt;),
&lt;a href="http://en.wikipedia.org/wiki/The_Wolf_and_the_Seven_Young_Kids" title="The Wolf and the Seven Young Kids"&gt;The Wolf and the Seven Young Kids&lt;/a&gt; 123,
&lt;a href="http://en.wikipedia.org/wiki/The_Three_Little_Pigs" title="The Three Little Pigs" class="mw-redirect"&gt;The Three Little Pigs&lt;/a&gt; 124,
Outcast Animals Find a New Home 130 (&lt;a href="http://en.wikipedia.org/wiki/Town_Musicians_of_Bremen" title="Town Musicians of Bremen"&gt;German&lt;/a&gt;; &lt;a href="http://en.wikipedia.org/wiki/Jack_and_His_Comrades" title="Jack and His Comrades"&gt;Irish&lt;/a&gt;),
Music lessons for wild animals 151 (&lt;a href="http://en.wikipedia.org/wiki/The_Wonderful_Musician" title="The Wonderful Musician"&gt;German&lt;/a&gt;),
Ingratitude Is the World's Reward 155 (&lt;a href="http://en.wikipedia.org/wiki/The_Tiger%2C_the_Brahmin_and_the_Jackal" title="The Tiger; the Brahmin and the Jackal"&gt;Indian&lt;/a&gt;),
&lt;a href="http://en.wikipedia.org/wiki/Androcles" title="Androcles"&gt;Androcles&lt;/a&gt; and the Lion 156,
&lt;a href="http://en.wikipedia.org/wiki/The_Three_Bears" title="The Three Bears" class="mw-redirect"&gt;The Three Bears&lt;/a&gt; 171,
&lt;a href="http://en.wikipedia.org/wiki/The_Brahmin_and_the_Mongoose" title="The Brahmin and the Mongoose"&gt;The Brahmin and the Mongoose&lt;/a&gt; 178A,
Sheep; duck and cock in peril at sea 204,
The Traveling Animals and the Wicked Man 210 (&lt;a href="http://en.wikipedia.org/wiki/The_Pack_of_Ragamuffins" title="The Pack of Ragamuffins"&gt;German&lt;/a&gt;; &lt;a href="http://en.wikipedia.org/wiki/Herr_Korbes" title="Herr Korbes"&gt;German&lt;/a&gt;),
The hog who was so tired of his daily food 211,
The Willow-Wren and the Bear 222 &lt;i&gt;(German; Grimm Brothers)&lt;/i&gt;,
The geese's eternal prayer 227 (&lt;a href="http://en.wikipedia.org/wiki/The_Fox_and_the_Geese" title="The Fox and the Geese"&gt;German&lt;/a&gt;),
Imitating bird sounds; 236 (&lt;a href="http://en.wikipedia.org/wiki/The_Crumbs_on_the_Table" title="The Crumbs on the Table"&gt;German&lt;/a&gt;),
The child and the snake 285,
&lt;a href="http://en.wikipedia.org/wiki/The_Straw%2C_the_Coal%2C_and_the_Bean" title="The Straw; the Coal; and the Bean"&gt;The Straw; the Coal; and the Bean&lt;/a&gt; 295,
Wind and sun 298 (&lt;a href="http://en.wikipedia.org/wiki/The_North_Wind_and_the_Sun" title="The North Wind and the Sun"&gt;Greek&lt;/a&gt;),
&lt;a href="http://en.wikipedia.org/wiki/Dragonslayers" title="Dragonslayers"&gt;The Dragon-Slayer&lt;/a&gt; 300,
The Three Kidnapped Princesses 301 (&lt;a href="http://en.wikipedia.org/wiki/The_Gnome_(fairy_tale)" title="The Gnome (fairy tale)"&gt;German&lt;/a&gt;),
&lt;a href="http://en.wikipedia.org/wiki/The_Giant_Who_Had_No_Heart_in_His_Body" title="The Giant Who Had No Heart in His Body"&gt;The Giant Without A Heart&lt;/a&gt;; 302,
The Twin Brothers; 303 (&lt;a href="http://en.wikipedia.org/wiki/The_Two_Brothers" title="The Two Brothers"&gt;German&lt;/a&gt;; &lt;a href="http://en.wikipedia.org/wiki/The_Gold-Children" title="The Gold-Children"&gt;Another German variant&lt;/a&gt;),
Seven Sisters; Seven Brothers 303A,
The Trained Hunter 304,
&lt;a href="http://en.wikipedia.org/wiki/The_Twelve_Dancing_Princesses" title="The Twelve Dancing Princesses"&gt;The Twelve Dancing Princesses&lt;/a&gt; 306,
The Princess in the Shroud 307 (&lt;a href="http://en.wikipedia.org/wiki/The_Princess_in_the_Chest" title="The Princess in the Chest"&gt;Danish&lt;/a&gt;; &lt;a href="http://en.wikipedia.org/wiki/La_Ram%C3%A9e_and_the_Phantom" title="La Ramée and the Phantom"&gt;French&lt;/a&gt;),
&lt;a href="http://en.wikipedia.org/wiki/Rapunzel" title="Rapunzel"&gt;Rapunzel&lt;/a&gt; 310 (&lt;a href="http://en.wikipedia.org/wiki/The_Canary_Prince" title="The Canary Prince"&gt;Italian&lt;/a&gt;; &lt;a href="http://en.wikipedia.org/wiki/Prunella_(fairy_tale)" title="Prunella (fairy tale)"&gt;Italian&lt;/a&gt;; &lt;a href="http://en.wikipedia.org/wiki/Anthousa%2C_Xanthousa%2C_Chrisomalousa" title="Anthousa; Xanthousa; Chrisomalousa"&gt;Greek&lt;/a&gt;; &lt;a href="http://en.wikipedia.org/wiki/Petrosinella" title="Petrosinella"&gt;Italian&lt;/a&gt;),
Rescue by the Sister 311 (&lt;a href="http://en.wikipedia.org/wiki/How_the_Devil_Married_Three_Sisters" title="How the Devil Married Three Sisters"&gt;Italian&lt;/a&gt;; &lt;a href="http://en.wikipedia.org/wiki/Fitcher%27s_Bird" title="Fitcher's Bird"&gt;German&lt;/a&gt;),
&lt;a href="http://en.wikipedia.org/wiki/Bluebeard" title="Bluebeard"&gt;The Bluebeard&lt;/a&gt; 312 (&lt;a href="http://en.wikipedia.org/wiki/The_White_Dove_(French_fairy_tale)" title="The White Dove (French fairy tale)"&gt;French&lt;/a&gt;),
The Magic Flight 313 (&lt;a href="http://en.wikipedia.org/wiki/The_Master_Maid" title="The Master Maid"&gt;Norwegian&lt;/a&gt;; &lt;a href="http://en.wikipedia.org/wiki/Jean%2C_the_Soldier%2C_and_Eulalie%2C_the_Devil%27s_Daughter" title="Jean; the Soldier; and Eulalie; the Devil's Daughter"&gt;French&lt;/a&gt;; &lt;a href="http://en.wikipedia.org/wiki/The_Water_Nixie" title="The Water Nixie"&gt;German&lt;/a&gt;; &lt;a href="http://en.wikipedia.org/wiki/The_Two_Kings%27_Children" title="The Two Kings' Children"&gt;German&lt;/a&gt;; &lt;a href="http://en.wikipedia.org/wiki/Nix_Nought_Nothing" title="Nix Nought Nothing"&gt;English&lt;/a&gt;; &lt;a href="http://en.wikipedia.org/wiki/Foundling-Bird" title="Foundling-Bird"&gt;German&lt;/a&gt; )&lt;/li&gt;
&lt;dl&gt;
&lt;dd&gt;or; The Girl as a Helper in the Hero's Flight 313&lt;sup id="cite_ref-7" class="reference"&gt;&lt;a href="#cite_note-7"&gt;a&lt;/a&gt;&lt;/sup&gt;&lt;sup id="cite_ref-8" class="reference"&gt;&lt;a href="#cite_note-8"&gt;7&lt;/a&gt;&lt;/sup&gt;)&lt;/dd&gt;
&lt;/dl&gt;
&lt;li&gt;The Golden-Haired 314,
The Treacherous Sister 315,
The Mermaid in the Pond 316 (&lt;a href="http://en.wikipedia.org/wiki/The_Nixie_of_the_Mill-Pond" title="The Nixie of the Mill-Pond"&gt;German&lt;/a&gt;),
The Princess and the Sky-tree 317,
The Batamärchen 318,
The Magician and his Apprentice; 325 (&lt;a href="http://en.wikipedia.org/wiki/The_Thief_and_His_Master" title="The Thief and His Master"&gt;German&lt;/a&gt;; &lt;a href="http://en.wikipedia.org/wiki/Farmer_Weathersky" title="Farmer Weathersky"&gt;Norwegian&lt;/a&gt;; &lt;a href="http://en.wikipedia.org/wiki/Master_and_Pupil" title="Master and Pupil"&gt;Danish&lt;/a&gt;; &lt;a href="http://en.wikipedia.org/wiki/Maestro_Lattantio_and_His_Apprentice_Dionigi" title="Maestro Lattantio and His Apprentice Dionigi"&gt;Italian&lt;/a&gt;),
&lt;a href="http://en.wikipedia.org/wiki/The_Story_of_the_Youth_Who_Went_Forth_to_Learn_What_Fear_Was" title="The Story of the Youth Who Went Forth to Learn What Fear Was"&gt;The Youth Who Wanted to Learn What Fear Is&lt;/a&gt; 326,
The Children With the Witch 327A (&lt;a href="http://en.wikipedia.org/wiki/The_Lost_Children_(French_fairy_tale)" title="The Lost Children (French fairy tale)"&gt;French&lt;/a&gt;; &lt;a href="http://en.wikipedia.org/wiki/Molly_Whuppie" title="Molly Whuppie"&gt;Scottish&lt;/a&gt;; &lt;a href="http://en.wikipedia.org/wiki/Hansel_and_Gretel" title="Hansel and Gretel"&gt;German&lt;/a&gt;; &lt;a href="http://en.wikipedia.org/wiki/Esben_and_the_Witch" title="Esben and the Witch"&gt;Danish&lt;/a&gt;; &lt;a href="http://en.wikipedia.org/wiki/Buttercup_(fairy_tale)" title="Buttercup (fairy tale)"&gt;Norwegian&lt;/a&gt;; &lt;a href="http://en.wikipedia.org/wiki/Finette_Cendron" title="Finette Cendron"&gt;French&lt;/a&gt;),
The Small Boy Defeats the Ogre 327B (&lt;a href="http://en.wikipedia.org/wiki/Hop-o%27-My-Thumb" title="Hop-o'-My-Thumb"&gt;French&lt;/a&gt;; &lt;a href="http://en.wikipedia.org/wiki/The_Bee_and_the_Orange_Tree" title="The Bee and the Orange Tree"&gt;French&lt;/a&gt;; &lt;a href="http://en.wikipedia.org/wiki/Boots_and_the_Troll" title="Boots and the Troll"&gt;Norwegian&lt;/a&gt;),
The Treasures of the Giant 328 (&lt;a href="http://en.wikipedia.org/wiki/Thirteenth_(fairy_tale)" title="Thirteenth (fairy tale)"&gt;Italian&lt;/a&gt;; &lt;a href="http://en.wikipedia.org/wiki/How_the_Dragon_was_Tricked" title="How the Dragon was Tricked"&gt;Greek&lt;/a&gt;; &lt;a href="http://en.wikipedia.org/wiki/Jack_and_the_Beanstalk" title="Jack and the Beanstalk"&gt;English&lt;/a&gt;),
Miss the Magic Mirror 329,
&lt;a href="http://en.wikipedia.org/wiki/The_Spirit_in_the_Bottle" title="The Spirit in the Bottle"&gt;The Spirit in the Bottle&lt;/a&gt; 331,
&lt;a href="http://en.wikipedia.org/wiki/Godfather_Death" title="Godfather Death"&gt;Godfather Death&lt;/a&gt; 332,
&lt;a href="http://en.wikipedia.org/wiki/Little_Red_Riding_Hood" title="Little Red Riding Hood"&gt;Little Red Riding Hood&lt;/a&gt; 333,
In the Household of the Witch 334 &lt;a href="http://en.wikipedia.org/wiki/Frau_Trude" title="Frau Trude"&gt;German&lt;/a&gt;,
The Three Apprentices and the Devil 360 (&lt;a href="http://en.wikipedia.org/wiki/The_Three_Apprentices" title="The Three Apprentices"&gt;German&lt;/a&gt;),
&lt;a href="http://en.wikipedia.org/wiki/Bearskin_(German_fairy_tale)" title="Bearskin (German fairy tale)"&gt;Bearskin&lt;/a&gt; 361,
Specter Bridegrooms 365 (&lt;a href="http://en.wikipedia.org/wiki/Sweet_William%27s_Ghost" title="Sweet William's Ghost"&gt;English&lt;/a&gt;),
&lt;a href="http://en.wikipedia.org/wiki/The_Golden_Arm" title="The Golden Arm"&gt;The Golden Arm&lt;/a&gt; 366,
The Quest for a Lost Bride 400 (&lt;a href="http://en.wikipedia.org/wiki/Soria_Moria_Castle" title="Soria Moria Castle"&gt;Norwegian&lt;/a&gt; ),
The Animal Bride 402 (&lt;a href="http://en.wikipedia.org/wiki/Selkie" title="Selkie"&gt;Faroese&lt;/a&gt;; &lt;a href="//en.wiktionary.org/wiki/hagoromo" class="extiw" title="wikt:hagoromo"&gt;Japanese&lt;/a&gt;; &lt;a href="http://en.wikipedia.org/wiki/The_Nine_Peahens_and_the_Golden_Apples" title="The Nine Peahens and the Golden Apples"&gt;Serbian&lt;/a&gt;),
The Enchanted Princess in Her Castle 401A (&lt;a href="http://en.wikipedia.org/wiki/The_King_of_the_Gold_Mountain" title="The King of the Gold Mountain" class="mw-redirect"&gt;German&lt;/a&gt;),
&lt;a href="http://en.wikipedia.org/wiki/The_Frog_Princess" title="The Frog Princess"&gt;The Mouse Bride&lt;/a&gt; 402 (&lt;a href="http://en.wikipedia.org/wiki/Doll_i%27_the_Grass" title="Doll i' the Grass"&gt;Norwegian&lt;/a&gt;),
&lt;a href="http://en.wikipedia.org/wiki/The_White_and_the_Black_Bride" title="The White and the Black Bride" class="mw-redirect"&gt;The White and the Black Bride&lt;/a&gt; 403 (&lt;a href="http://en.wikipedia.org/wiki/The_Three_Little_Men_in_the_Wood" title="The Three Little Men in the Wood"&gt;German&lt;/a&gt;; &lt;a href="http://en.wikipedia.org/wiki/Brother_and_Sister_(Greek_fairy_tale)" title="Brother and Sister (Greek fairy tale)"&gt;Greek&lt;/a&gt;; &lt;a href="http://en.wikipedia.org/wiki/Bushy_Bride" title="Bushy Bride"&gt;Norwegian&lt;/a&gt;; &lt;a href="http://en.wikipedia.org/wiki/The_Enchanted_Wreath" title="The Enchanted Wreath"&gt;Scandinavian&lt;/a&gt;),
&lt;a href="http://en.wikipedia.org/wiki/Jorinde_and_Joringel" title="Jorinde and Joringel"&gt;Jorinde and Joringel&lt;/a&gt; 405,
The Flower Girl 407 (&lt;a href="http://en.wikipedia.org/wiki/A_Riddling_Tale" title="A Riddling Tale"&gt;German&lt;/a&gt;),
&lt;a href="http://en.wikipedia.org/wiki/The_Love_for_Three_Oranges_(fairy_tale)" title="The Love for Three Oranges (fairy tale)"&gt;The Three Lemons&lt;/a&gt; 408,
The Goat Girls 409A,
&lt;a href="http://en.wikipedia.org/wiki/Sleeping_Beauty" title="Sleeping Beauty"&gt;The Sleeping Beauty&lt;/a&gt; 410 (&lt;a href="http://en.wikipedia.org/wiki/The_Young_Slave" title="The Young Slave"&gt;Italian&lt;/a&gt;; &lt;a href="http://en.wikipedia.org/wiki/The_Glass_Coffin" title="The Glass Coffin"&gt;German&lt;/a&gt;),
Search for the Lost Husband 425A (&lt;a href="http://en.wikipedia.org/wiki/Black_Bull_of_Norroway" title="Black Bull of Norroway"&gt;Scottish&lt;/a&gt;; &lt;a href="http://en.wikipedia.org/wiki/The_Enchanted_Pig" title="The Enchanted Pig"&gt;Romanian&lt;/a&gt;; &lt;a href="http://en.wikipedia.org/wiki/The_Tale_of_the_Hoodie" title="The Tale of the Hoodie"&gt;Scottish&lt;/a&gt;; &lt;a href="http://en.wikipedia.org/wiki/The_King_of_Love" title="The King of Love"&gt;Italian&lt;/a&gt;; &lt;a href="http://en.wikipedia.org/wiki/The_Sprig_of_Rosemary" title="The Sprig of Rosemary"&gt;Spanish&lt;/a&gt;; &lt;a href="http://en.wikipedia.org/wiki/East_of_the_Sun_and_West_of_the_Moon" title="East of the Sun and West of the Moon"&gt;Norwegian&lt;/a&gt;; &lt;a href="http://en.wikipedia.org/wiki/White-Bear-King-Valemon" title="White-Bear-King-Valemon"&gt;Norwegian&lt;/a&gt;; &lt;a href="http://en.wikipedia.org/wiki/The_Brown_Bear_of_Norway" title="The Brown Bear of Norway"&gt;Scottish&lt;/a&gt;; &lt;a href="http://en.wikipedia.org/wiki/The_Enchanted_Snake" title="The Enchanted Snake"&gt;Italian&lt;/a&gt;; &lt;a href="http://en.wikipedia.org/wiki/The_Daughter_of_the_Skies" title="The Daughter of the Skies"&gt;Scottish&lt;/a&gt;; &lt;a href="http://en.wikipedia.org/wiki/Pintosmalto" title="Pintosmalto"&gt;Italian&lt;/a&gt;; &lt;a href="http://en.wikipedia.org/wiki/Mr_Simigd%C3%A1li" title="Mr Simigdáli"&gt;Greek&lt;/a&gt;; &lt;a href="http://en.wikipedia.org/wiki/The_Greenish_Bird" title="The Greenish Bird"&gt;Mexican&lt;/a&gt;),
&lt;a href="http://en.wikipedia.org/wiki/Beauty_and_the_Beast" title="Beauty and the Beast"&gt;Beauty and the Beast&lt;/a&gt; 425C (&lt;a href="http://en.wikipedia.org/wiki/The_Small-tooth_Dog" title="The Small-tooth Dog"&gt;English&lt;/a&gt;; &lt;a href="http://en.wikipedia.org/wiki/The_Singing%2C_Springing_Lark" title="The Singing; Springing Lark"&gt;German&lt;/a&gt;),
Vanished Husband Learned of by Keeping Inn 425D (&lt;a href="http://en.wikipedia.org/wiki/The_Golden_Crab" title="The Golden Crab"&gt;Greek&lt;/a&gt;),
Recognition When Heroine Tells Her Story 425G (&lt;a href="http://en.wikipedia.org/wiki/The_Sleeping_Prince_(fairy_tale)" title="The Sleeping Prince (fairy tale)"&gt;Greek&lt;/a&gt;),
The Bird Husband 425N (&lt;a href="http://en.wikipedia.org/wiki/The_Green_Knight_(fairy_tale)" title="The Green Knight (fairy tale)"&gt;Danish&lt;/a&gt;),
&lt;a href="http://en.wikipedia.org/wiki/Snow_White_and_Rose_Red" title="Snow White and Rose Red" class="mw-redirect"&gt;Snow White and Rose Red&lt;/a&gt; 426,
Prince Donkey 430 (&lt;a href="http://en.wikipedia.org/wiki/The_Donkey_(fairy_tale)" title="The Donkey (fairy tale)"&gt;German&lt;/a&gt;),
&lt;a href="http://en.wikipedia.org/wiki/The_Hut_in_the_Forest" title="The Hut in the Forest"&gt;The Waldhaus&lt;/a&gt; 431,
&lt;a href="http://en.wikipedia.org/wiki/The_Bird_Lover" title="The Bird Lover"&gt;The Bird Lover&lt;/a&gt; 432 (&lt;a href="http://en.wikipedia.org/wiki/The_Feather_of_Finist_the_Falcon" title="The Feather of Finist the Falcon"&gt;Russian&lt;/a&gt;; &lt;a href="http://en.wikipedia.org/wiki/The_Blue_Bird_(fairy_tale)" title="The Blue Bird (fairy tale)"&gt;French&lt;/a&gt;; &lt;a href="http://en.wikipedia.org/wiki/The_Greenish_Bird" title="The Greenish Bird"&gt;Mexican&lt;/a&gt;),
King Dragon 433b,
&lt;a href="http://en.wikipedia.org/wiki/The_Frog_Prince_(story)" title="The Frog Prince (story)"&gt;The Frog King&lt;/a&gt; 440 (&lt;a href="http://en.wikipedia.org/wiki/The_Well_of_the_World%27s_End" title="The Well of the World's End"&gt;Scottish&lt;/a&gt;; &lt;a href="http://en.wikipedia.org/wiki/The_Tale_of_the_Queen_Who_Sought_a_Drink_From_a_Certain_Well" title="The Tale of the Queen Who Sought a Drink From a Certain Well"&gt;Scottish&lt;/a&gt;),
In Enchanted Skin 441 (&lt;a href="http://en.wikipedia.org/wiki/The_Enchanted_Pig" title="The Enchanted Pig"&gt;Romanian&lt;/a&gt;; &lt;a href="http://en.wikipedia.org/wiki/The_Pig_King" title="The Pig King"&gt;Italian&lt;/a&gt;),
&lt;a href="http://en.wikipedia.org/wiki/The_Old_Woman_in_the_Wood" title="The Old Woman in the Wood"&gt;The Old Woman in the Wood&lt;/a&gt; 442,
&lt;a href="http://en.wikipedia.org/wiki/Brother_and_Sister" title="Brother and Sister"&gt;Brother and Sister&lt;/a&gt; 450 (&lt;a href="http://en.wikipedia.org/wiki/The_Lambkin_and_the_Little_Fish" title="The Lambkin and the Little Fish"&gt;German&lt;/a&gt;),
The Nurse looking for her Brothers; 451 (&lt;a href="http://en.wikipedia.org/wiki/The_Seven_Ravens" title="The Seven Ravens"&gt;German&lt;/a&gt;; &lt;a href="http://en.wikipedia.org/wiki/The_Twelve_Brothers" title="The Twelve Brothers"&gt;German&lt;/a&gt;; &lt;a href="http://en.wikipedia.org/wiki/The_Six_Swans" title="The Six Swans"&gt;German&lt;/a&gt;; &lt;a href="http://en.wikipedia.org/wiki/Udea_and_her_Seven_Brothers" title="Udea and her Seven Brothers"&gt;Northern African&lt;/a&gt;; &lt;a href="http://en.wikipedia.org/wiki/The_Twelve_Wild_Ducks" title="The Twelve Wild Ducks"&gt;Norwegian&lt;/a&gt;; &lt;a href="http://en.wikipedia.org/wiki/The_Magic_Swan_Geese" title="The Magic Swan Geese"&gt;Russian&lt;/a&gt;),
Three Hairs of the Devil 461 (&lt;a href="http://en.wikipedia.org/wiki/The_Devil_With_the_Three_Golden_Hairs" title="The Devil With the Three Golden Hairs"&gt;German&lt;/a&gt;; &lt;a href="http://en.wikipedia.org/wiki/The_Griffin_(fairy_tale)" title="The Griffin (fairy tale)"&gt;German&lt;/a&gt;),
The Towering Tree 468,
The Bridge to Another World 471,
Midwife (or Godparent; or Nurse) for the Elves 476 (&lt;a href="http://en.wikipedia.org/wiki/Fairy_Ointment" title="Fairy Ointment"&gt;English&lt;/a&gt;),
The Kind and the Unkind Girls 480 (&lt;a href="http://en.wikipedia.org/wiki/Father_Frost_(fairy_tale)" title="Father Frost (fairy tale)"&gt;Russian&lt;/a&gt;; &lt;a href="http://en.wikipedia.org/wiki/The_Two_Caskets" title="The Two Caskets"&gt;Scandinavian&lt;/a&gt;; &lt;a href="http://en.wikipedia.org/wiki/The_Three_Fairies" title="The Three Fairies"&gt;Italian&lt;/a&gt;; &lt;a href="http://en.wikipedia.org/wiki/Maiden_Bright-eye" title="Maiden Bright-eye"&gt;Danish&lt;/a&gt;; &lt;a href="http://en.wikipedia.org/wiki/The_Twelve_Months_(fairy_tale)" title="The Twelve Months (fairy tale)"&gt;Greek&lt;/a&gt;; &lt;a href="http://en.wikipedia.org/wiki/The_Three_Little_Men_in_the_Wood" title="The Three Little Men in the Wood"&gt;German&lt;/a&gt;; &lt;a href="http://en.wikipedia.org/wiki/Diamonds_and_Toads" title="Diamonds and Toads"&gt;French&lt;/a&gt;; &lt;a href="http://en.wikipedia.org/wiki/The_Three_Heads_in_the_Well" title="The Three Heads in the Well" class="mw-redirect"&gt;English&lt;/a&gt;; &lt;a href="http://en.wikipedia.org/wiki/The_Old_Witch" title="The Old Witch"&gt;English&lt;/a&gt;; &lt;a href="http://en.wikipedia.org/wiki/The_Enchanted_Wreath" title="The Enchanted Wreath"&gt;Scandinavian&lt;/a&gt;; &lt;a href="http://en.wikipedia.org/wiki/The_Months" title="The Months"&gt;Italian&lt;/a&gt;; &lt;a href="http://en.wikipedia.org/wiki/Shita-kiri_Suzume" title="Shita-kiri Suzume"&gt;Japanese&lt;/a&gt;; &lt;a href="http://en.wikipedia.org/wiki/Mother_Hulda" title="Mother Hulda"&gt;German&lt;/a&gt;)&lt;/li&gt;
&lt;p&gt;&lt;/p&gt;
&lt;li&gt;&lt;a href="http://en.wikipedia.org/wiki/Rumpelstiltskin" title="Rumpelstiltskin"&gt;Rumpelstiltskin&lt;/a&gt; 500 (&lt;a href="http://en.wikipedia.org/wiki/Whuppity_Stoorie" title="Whuppity Stoorie"&gt;Scottish&lt;/a&gt;),
&lt;a href="http://en.wikipedia.org/wiki/The_Three_Spinners" title="The Three Spinners"&gt;The Three Spinners&lt;/a&gt; 501,
The Wild Man 502 (&lt;a href="http://en.wikipedia.org/wiki/Guerrino_and_the_Savage_Man" title="Guerrino and the Savage Man"&gt;Italian&lt;/a&gt;; &lt;a href="http://en.wikipedia.org/wiki/Iron_John" title="Iron John"&gt;German&lt;/a&gt;; &lt;a href="http://en.wikipedia.org/wiki/Georgic_and_Merlin" title="Georgic and Merlin"&gt;French&lt;/a&gt;),
Helpful Elves 503 (&lt;a href="http://en.wikipedia.org/wiki/The_Elves_and_the_Shoemaker" title="The Elves and the Shoemaker"&gt;German&lt;/a&gt;),
&lt;a href="http://en.wikipedia.org/wiki/Grateful_dead_(folklore)" title="Grateful dead (folklore)"&gt;Grateful dead&lt;/a&gt; 505,
The Mistress of the Monster 507,
Persecuted Heroine 510A (&lt;a href="http://en.wikipedia.org/wiki/Fair%2C_Brown_and_Trembling" title="Fair; Brown and Trembling"&gt;Irish&lt;/a&gt;; &lt;a href="http://en.wikipedia.org/wiki/Finette_Cendron" title="Finette Cendron"&gt;French&lt;/a&gt;; &lt;a href="http://en.wikipedia.org/wiki/The_Golden_Slipper" title="The Golden Slipper"&gt;Russian&lt;/a&gt;; &lt;a href="http://en.wikipedia.org/wiki/Katie_Woodencloak" title="Katie Woodencloak"&gt;Norwegian&lt;/a&gt;; &lt;a href="http://en.wikipedia.org/wiki/Rushen_Coatie" title="Rushen Coatie"&gt;Scottish&lt;/a&gt;; &lt;a href="http://en.wikipedia.org/wiki/The_Sharp_Grey_Sheep" title="The Sharp Grey Sheep"&gt;Scottish&lt;/a&gt;; &lt;a href="http://en.wikipedia.org/wiki/The_Story_of_Tam_and_Cam" title="The Story of Tam and Cam"&gt;Vietnamese&lt;/a&gt;; &lt;a href="http://en.wikipedia.org/wiki/The_Wonderful_Birch" title="The Wonderful Birch"&gt;Finnish&lt;/a&gt;; &lt;a href="http://en.wikipedia.org/wiki/Beauty_and_Pock_Face" title="Beauty and Pock Face"&gt;Chinese&lt;/a&gt;; &lt;a href="http://en.wikipedia.org/wiki/Cinderella" title="Cinderella"&gt;French&lt;/a&gt;),
Unnatural Love 510B (&lt;a href="http://en.wikipedia.org/wiki/Little_Cat_Skin" title="Little Cat Skin" class="mw-redirect"&gt;American&lt;/a&gt;; &lt;a href="http://en.wikipedia.org/wiki/Cap_O%27_Rushes" title="Cap O' Rushes" class="mw-redirect"&gt;English&lt;/a&gt;; &lt;a href="http://en.wikipedia.org/wiki/Donkeyskin" title="Donkeyskin"&gt;French&lt;/a&gt;; &lt;a href="http://en.wikipedia.org/wiki/The_King_who_Wished_to_Marry_His_Daughter" title="The King who Wished to Marry His Daughter" class="mw-redirect"&gt;Scottish&lt;/a&gt;; &lt;a href="http://en.wikipedia.org/wiki/The_She-Bear" title="The She-Bear" class="mw-redirect"&gt;Italian&lt;/a&gt;; &lt;a href="http://en.wikipedia.org/wiki/Mossycoat" title="Mossycoat"&gt;English&lt;/a&gt;; &lt;a href="http://en.wikipedia.org/wiki/Tattercoats" title="Tattercoats"&gt;English&lt;/a&gt;; &lt;a href="http://en.wikipedia.org/wiki/The_Princess_That_Wore_A_Rabbit-Skin_Dress" title="The Princess That Wore A Rabbit-Skin Dress" class="mw-redirect"&gt;American&lt;/a&gt;; &lt;a href="http://en.wikipedia.org/wiki/The_Bear_(fairy_tale)" title="The Bear (fairy tale)"&gt;Italian&lt;/a&gt;; &lt;a href="http://en.wikipedia.org/wiki/Allerleirauh" title="Allerleirauh"&gt;German&lt;/a&gt;),
&lt;a href="http://en.wikipedia.org/wiki/One-Eye%2C_Two-Eyes%2C_and_Three-Eyes" title="One-Eye; Two-Eyes; and Three-Eyes"&gt;One-Eye; Two-Eyes; and Three-Eyes&lt;/a&gt; 511,
The Wonderful Helpers 513A,
The Shepherd 515,
The Petrified Friend 516 (&lt;a href="http://en.wikipedia.org/wiki/Trusty_John" title="Trusty John"&gt;German&lt;/a&gt;; &lt;a href="http://en.wikipedia.org/wiki/The_Raven_(Italian_fairy_tale)" title="The Raven (Italian fairy tale)"&gt;Italian&lt;/a&gt;; &lt;a href="http://en.wikipedia.org/wiki/Father_Roquelaure" title="Father Roquelaure"&gt;French&lt;/a&gt;),
The Boy and the Bird-language 517,
Big Fight over Magic Things 518 (&lt;a href="http://en.wikipedia.org/wiki/The_King_of_the_Gold_Mountain" title="The King of the Gold Mountain" class="mw-redirect"&gt;German&lt;/a&gt;),
&lt;a href="http://en.wikipedia.org/wiki/Brunhilde" title="Brunhilde" class="mw-redirect"&gt;Brunhilde&lt;/a&gt; 519,
&lt;a href="http://en.wikipedia.org/wiki/The_Glass_Mountain_(fairy_tale)" title="The Glass Mountain (fairy tale)"&gt;The Glass Mountain&lt;/a&gt; 530 (&lt;a href="http://en.wikipedia.org/wiki/The_Princess_on_the_Glass_Hill" title="The Princess on the Glass Hill"&gt;Norwegian&lt;/a&gt;),
&lt;a href="http://en.wikipedia.org/wiki/Ferdinand_the_Faithful_and_Ferdinand_the_Unfaithful" title="Ferdinand the Faithful and Ferdinand the Unfaithful"&gt;Faithful Ferdinand&lt;/a&gt; 531 (&lt;a href="http://en.wikipedia.org/wiki/King_Fortunatus%27s_Golden_Wig" title="King Fortunatus's Golden Wig"&gt;French&lt;/a&gt;; &lt;a href="http://en.wikipedia.org/wiki/Corvetto" title="Corvetto"&gt;Italian&lt;/a&gt;; &lt;a href="http://en.wikipedia.org/wiki/The_Firebird_and_Princess_Vasilisa" title="The Firebird and Princess Vasilisa"&gt;Russian&lt;/a&gt;; &lt;a href="http://en.wikipedia.org/wiki/The_Story_of_Pretty_Goldilocks" title="The Story of Pretty Goldilocks"&gt;French&lt;/a&gt;; &lt;a href="http://en.wikipedia.org/wiki/The_Mermaid_and_the_Boy" title="The Mermaid and the Boy"&gt;Lapp&lt;/a&gt;),
Repressed Bride 533 (&lt;a href="http://en.wikipedia.org/wiki/The_Goose_Girl" title="The Goose Girl"&gt;German&lt;/a&gt;; &lt;a href="http://en.wikipedia.org/wiki/The_Golden_Bracelet" title="The Golden Bracelet"&gt;American&lt;/a&gt;),
The Flight with the Eagle 537,
The Cat as Helper 545B (&lt;a href="http://en.wikipedia.org/wiki/Don_Joseph_Pear" title="Don Joseph Pear"&gt;Italian&lt;/a&gt;; &lt;a href="http://en.wikipedia.org/wiki/How_the_Beggar_Boy_turned_into_Count_Piro" title="How the Beggar Boy turned into Count Piro"&gt;Italian&lt;/a&gt;; &lt;a href="http://en.wikipedia.org/wiki/Puss_in_Boots" title="Puss in Boots"&gt;French&lt;/a&gt;; &lt;a href="http://en.wikipedia.org/wiki/Lord_Peter_(fairy_tale)" title="Lord Peter (fairy tale)"&gt;Norwegian&lt;/a&gt;),
&lt;a href="http://en.wikipedia.org/wiki/The_Golden_Bird" title="The Golden Bird"&gt;The Golden Bird&lt;/a&gt; 550 (&lt;a href="http://en.wikipedia.org/wiki/Tsarevitch_Ivan%2C_the_Fire_Bird_and_the_Gray_Wolf" title="Tsarevitch Ivan; the Fire Bird and the Gray Wolf"&gt;Russian&lt;/a&gt;; &lt;a href="http://en.wikipedia.org/wiki/The_Greek_Princess_and_the_Young_Gardener" title="The Greek Princess and the Young Gardener"&gt;English&lt;/a&gt;; &lt;a href="http://en.wikipedia.org/wiki/The_Bird_%27Grip%27" title="The Bird 'Grip'"&gt;Swedish&lt;/a&gt;; &lt;a href="http://en.wikipedia.org/wiki/The_Nunda%2C_Eater_of_People" title="The Nunda; Eater of People"&gt;Swahili&lt;/a&gt;),
The Water of Life 551 (&lt;a href="http://en.wikipedia.org/wiki/The_Water_of_Life_(German_fairy_tale)" title="The Water of Life (German fairy tale)"&gt;German (1823)&lt;/a&gt;; &lt;a href="http://en.wikipedia.org/wiki/The_Bold_Knight%2C_the_Apples_of_Youth%2C_and_the_Water_of_Life" title="The Bold Knight; the Apples of Youth; and the Water of Life"&gt;Russian (1862)&lt;/a&gt;; &lt;a href="http://en.wikipedia.org/wiki/The_Water_of_Life_(Spanish_fairy_tale)" title="The Water of Life (Spanish fairy tale)"&gt;Spanish (1885)&lt;/a&gt;),
Animals and In-laws 552 (&lt;a href="http://en.wikipedia.org/wiki/The_Crystal_Ball_(fairy_tale)" title="The Crystal Ball (fairy tale)"&gt;German&lt;/a&gt;),
The Bird as a Helper 553,
&lt;a href="http://en.wikipedia.org/wiki/The_Grateful_Beasts" title="The Grateful Beasts"&gt;The Grateful Animals&lt;/a&gt; 554 (&lt;a href="http://en.wikipedia.org/wiki/The_Queen_Bee" title="The Queen Bee"&gt;German&lt;/a&gt;; &lt;a href="http://en.wikipedia.org/wiki/The_Sea-Hare" title="The Sea-Hare"&gt;German&lt;/a&gt;),
&lt;a href="http://en.wikipedia.org/wiki/The_Fisherman_and_his_Wife" title="The Fisherman and his Wife" class="mw-redirect"&gt;The Fisherman and his Wife&lt;/a&gt;; 555 (&lt;a href="http://en.wikipedia.org/wiki/The_Stonecutter" title="The Stonecutter"&gt;Japanese&lt;/a&gt;; &lt;a href="http://en.wikipedia.org/wiki/The_Gold-Children" title="The Gold-Children"&gt;German&lt;/a&gt;; &lt;a href="http://en.wikipedia.org/wiki/The_Tale_of_the_Fisherman_and_the_Fish" title="The Tale of the Fisherman and the Fish"&gt;Russian&lt;/a&gt;),
The Princess’ Laugh 559,
The Magic Ring 560 (&lt;a href="http://en.wikipedia.org/wiki/The_King_of_the_Gold_Mountain" title="The King of the Gold Mountain" class="mw-redirect"&gt;German&lt;/a&gt;),
&lt;a href="http://en.wikipedia.org/wiki/Aladdin" title="Aladdin"&gt;Aladdin&lt;/a&gt; 561,
The Spirit in the Blue Light 562 (&lt;a href="http://en.wikipedia.org/wiki/The_Blue_Light" title="The Blue Light"&gt;German&lt;/a&gt;; &lt;a href="http://en.wikipedia.org/wiki/The_Tinderbox" title="The Tinderbox"&gt;Danish&lt;/a&gt;; &lt;a href="http://en.wikipedia.org/wiki/The_Three_Dogs" title="The Three Dogs"&gt;German&lt;/a&gt;),
The Two Marvelous Pitchers 564,
The Magic Mill 565 (&lt;a href="http://en.wikipedia.org/wiki/Why_the_Sea_Is_Salt" title="Why the Sea Is Salt" class="mw-redirect"&gt;Norwegian&lt;/a&gt;; &lt;a href="http://en.wikipedia.org/wiki/The_Water_Mother" title="The Water Mother"&gt;Chinese&lt;/a&gt;; &lt;a href="http://en.wikipedia.org/wiki/Sweet_Porridge" title="Sweet Porridge"&gt;German&lt;/a&gt;),
&lt;a href="http://en.wikipedia.org/wiki/Fortunatus" title="Fortunatus"&gt;Fortunatus&lt;/a&gt; 566,
The Magic Bird Heart 567 (&lt;a href="http://en.wikipedia.org/wiki/The_Two_Brothers" title="The Two Brothers"&gt;German&lt;/a&gt;),
Bunnies Beware of the King 570 (&lt;a href="http://en.wikipedia.org/wiki/The_Three_May_Peaches" title="The Three May Peaches"&gt;French&lt;/a&gt;),
The &lt;a href="http://en.wikipedia.org/wiki/Golden_Goose" title="Golden Goose"&gt;Golden Goose&lt;/a&gt; 571 (&lt;a href="http://en.wikipedia.org/wiki/The_Magic_Swan" title="The Magic Swan"&gt;European&lt;/a&gt;),
The Wings of the Prince 575,
The Order of the King 577,
Favor of Women 580,
&lt;a href="http://en.wikipedia.org/wiki/Spindle%2C_Shuttle%2C_and_Needle" title="Spindle; Shuttle; and Needle"&gt;Spindle; Shuttle; and Needle&lt;/a&gt; 585,
The Prince and the Bracelets 590 (&lt;a href="http://en.wikipedia.org/wiki/The_Blue_Belt" title="The Blue Belt"&gt;Norwegian&lt;/a&gt;),
The Healing Fruit 610 (&lt;a href="http://en.wikipedia.org/wiki/The_Griffin_(fairy_tale)" title="The Griffin (fairy tale)"&gt;German&lt;/a&gt;; &lt;a href="http://en.wikipedia.org/wiki/The_Three_May_Peaches" title="The Three May Peaches"&gt;French&lt;/a&gt;),
True Love 611,
The Three Snake-Leaves 612,
The Two Travelers: Truth and Falsehood 613 (&lt;a href="http://en.wikipedia.org/wiki/True_and_Untrue" title="True and Untrue"&gt;Norwegian&lt;/a&gt;),
Sister and Brother healing the King 613C,
The Sharp Hans 650A,
The Boy Whose Wishes Always Come True 652 (&lt;a href="http://en.wikipedia.org/wiki/The_Pink" title="The Pink"&gt;German&lt;/a&gt;),
The Skillful Brothers 653 (&lt;a href="http://en.wikipedia.org/wiki/The_Four_Skillful_Brothers" title="The Four Skillful Brothers"&gt;German&lt;/a&gt;),
The Man in Three Animal Forms 665,
The Boy in Animal Form 667,
The Language of Animals 670,
&lt;a href="http://en.wikipedia.org/wiki/The_Three_Languages" title="The Three Languages"&gt;The Three Languages&lt;/a&gt; 671,
The Schlangenkrönlein 672B,
&lt;a href="http://en.wikipedia.org/wiki/The_White_Snake" title="The White Snake"&gt;The White Snake&lt;/a&gt; 673,
The Wish-Fish 675 (&lt;a href="http://en.wikipedia.org/wiki/Peruonto" title="Peruonto"&gt;Italian&lt;/a&gt;; &lt;a href="http://en.wikipedia.org/wiki/The_Dolphin_(fairy_tale)" title="The Dolphin (fairy tale)"&gt;French&lt;/a&gt;; &lt;a href="http://en.wikipedia.org/wiki/Half-Man" title="Half-Man"&gt;French&lt;/a&gt;),
&lt;a href="http://en.wikipedia.org/wiki/Open_Sesame_(phrase)" title="Open Sesame (phrase)"&gt;Open Sesame!&lt;/a&gt; 676,
&lt;a href="http://en.wikipedia.org/wiki/Tom_Thumb" title="Tom Thumb"&gt;Tom Thumb&lt;/a&gt; 700 (&lt;a href="http://en.wikipedia.org/wiki/Thumbling" title="Thumbling"&gt;German&lt;/a&gt;),
&lt;a href="http://en.wikipedia.org/wiki/Snegurochka" title="Snegurochka"&gt;Snow Maiden&lt;/a&gt; 703,
&lt;a href="http://en.wikipedia.org/wiki/The_Princess_and_the_Pea" title="The Princess and the Pea"&gt;The Princess and the Pea&lt;/a&gt; 704,
Born of a Fish 705,
&lt;a href="http://en.wikipedia.org/wiki/The_Girl_Without_Hands" title="The Girl Without Hands"&gt;The Girl Without Hands&lt;/a&gt; 706 (&lt;a href="http://en.wikipedia.org/wiki/The_Armless_Maiden" title="The Armless Maiden"&gt;Russian&lt;/a&gt;; &lt;a href="http://en.wikipedia.org/wiki/The_One-Handed_Girl" title="The One-Handed Girl"&gt;Swahili&lt;/a&gt;; &lt;a href="http://en.wikipedia.org/wiki/Penta_of_the_Chopped-off_Hands" title="Penta of the Chopped-off Hands"&gt;Italian&lt;/a&gt;; &lt;a href="http://en.wikipedia.org/wiki/Biancabella_and_the_Snake" title="Biancabella and the Snake"&gt;Italian&lt;/a&gt;),
The Bird of Truth 707 (&lt;a href="http://en.wikipedia.org/wiki/The_Tale_of_Tsar_Saltan" title="The Tale of Tsar Saltan"&gt;Russian&lt;/a&gt;; &lt;a href="http://en.wikipedia.org/wiki/The_Dancing_Water%2C_the_Singing_Apple%2C_and_the_Speaking_Bird" title="The Dancing Water; the Singing Apple; and the Speaking Bird"&gt;Italian&lt;/a&gt;; &lt;a href="http://en.wikipedia.org/wiki/The_Three_Little_Birds" title="The Three Little Birds"&gt;German&lt;/a&gt;; &lt;a href="http://en.wikipedia.org/wiki/Princess_Belle-Etoile" title="Princess Belle-Etoile"&gt;French&lt;/a&gt;; &lt;a href="http://en.wikipedia.org/wiki/Ancilotto%2C_King_of_Provino" title="Ancilotto; King of Provino"&gt;Italian&lt;/a&gt;),
The Miraculous Child 708,
&lt;a href="http://en.wikipedia.org/wiki/Snow_White" title="Snow White"&gt;Snow White&lt;/a&gt; 709 (&lt;a href="http://en.wikipedia.org/wiki/Bella_Venezia" title="Bella Venezia"&gt;Italian&lt;/a&gt;; &lt;a href="http://en.wikipedia.org/wiki/Nourie_Hadig" title="Nourie Hadig"&gt;Armenian&lt;/a&gt;; &lt;a href="http://en.wikipedia.org/wiki/Gold-Tree_and_Silver-Tree" title="Gold-Tree and Silver-Tree"&gt;Scottish&lt;/a&gt;; &lt;a href="http://en.wikipedia.org/wiki/Myrsina" title="Myrsina"&gt;Greek&lt;/a&gt;),
The Black Madonna 710 (&lt;a href="http://en.wikipedia.org/wiki/Mary%27s_Child" title="Mary's Child"&gt;German&lt;/a&gt;; &lt;a href="http://en.wikipedia.org/wiki/The_Lassie_and_Her_Godmother" title="The Lassie and Her Godmother"&gt;Norwegian&lt;/a&gt;),
The Twin Sisters 711 (&lt;a href="http://en.wikipedia.org/wiki/Tatterhood" title="Tatterhood"&gt;Norwegian&lt;/a&gt;; &lt;a href="http://en.wikipedia.org/wiki/Kate_Crackernuts" title="Kate Crackernuts"&gt;English&lt;/a&gt;),
Crescentia 712,
From the Juniper Tree 720 (&lt;a href="http://en.wikipedia.org/wiki/The_Juniper_Tree_(fairy_tale)" title="The Juniper Tree (fairy tale)"&gt;German&lt;/a&gt;; &lt;a href="http://en.wikipedia.org/wiki/The_Rose-Tree" title="The Rose-Tree"&gt;English&lt;/a&gt;),
The Brother Married the Sister 722,
The Dream 725,
Floating Stone 746,
Foolish Wishes 750A (&lt;a href="http://en.wikipedia.org/wiki/The_Ridiculous_Wishes" title="The Ridiculous Wishes"&gt;French&lt;/a&gt;),
The Revived Mortem 750B,
The peasant woman is changed into a woodpecker 751A,
Christ and the smith 753,
Sin and grace 755 (&lt;a href="http://en.wikipedia.org/wiki/The_Woman_Who_Had_No_Shadow" title="The Woman Who Had No Shadow"&gt;Scandinavian&lt;/a&gt;),
&lt;a href="http://en.wikipedia.org/wiki/Deal_with_the_Devil" title="Deal with the Devil"&gt;Deal with the Devil&lt;/a&gt; 756B,
The various children of Eve 758,
Woman with three hundred and sixty-five children 762,
The &lt;a href="http://en.wikipedia.org/wiki/Seven_sleepers" title="Seven sleepers" class="mw-redirect"&gt;seven sleepers&lt;/a&gt; 766,
&lt;a href="http://en.wikipedia.org/wiki/St_Christopher" title="St Christopher" class="mw-redirect"&gt;St Christopher&lt;/a&gt; and the Christ child 768,
A Child Returns from the Dead 769 (&lt;a href="http://en.wikipedia.org/wiki/The_Stolen_Farthings" title="The Stolen Farthings"&gt;German&lt;/a&gt;),
The legend of the horseshoe 774C,
The &lt;a href="http://en.wikipedia.org/wiki/Wandering_Jew" title="Wandering Jew"&gt;wandering Jew&lt;/a&gt; 777,
Divine rewards and punishments 779 (&lt;a href="http://en.wikipedia.org/wiki/The_Willful_Child" title="The Willful Child"&gt;German&lt;/a&gt;; &lt;a href="http://en.wikipedia.org/wiki/The_Star_Money" title="The Star Money"&gt;German&lt;/a&gt;),
&lt;a href="http://en.wikipedia.org/wiki/The_Singing_Bone" title="The Singing Bone"&gt;The Singing Bone&lt;/a&gt; 780,
The Saviour and Peter in night-lodgings 791,
&lt;a href="http://en.wikipedia.org/wiki/The_Tailor_in_Heaven" title="The Tailor in Heaven"&gt;The Tailor in Heaven&lt;/a&gt; 800,
&lt;a href="http://en.wikipedia.org/wiki/The_Peasant_in_Heaven" title="The Peasant in Heaven"&gt;The Peasant in Heaven&lt;/a&gt; 802,
The devil loses a soul that was promised him 810 (&lt;a href="http://en.wikipedia.org/wiki/The_King_of_the_Gold_Mountain" title="The King of the Gold Mountain" class="mw-redirect"&gt;German&lt;/a&gt;),
The man promised to the devil becomes a priest 811,
The Mystery of the Devil 812 (&lt;a href="http://en.wikipedia.org/wiki/The_Dragon_and_his_Grandmother" title="The Dragon and his Grandmother" class="mw-redirect"&gt;German&lt;/a&gt;),
The thief rescued by the devil 821A,
The lazy boy and the industrious girl 822,
Devil writes down names of men on hide in church 826,
Men; Animals; and the Span of Life 828 (&lt;a href="http://en.wikipedia.org/wiki/The_Duration_of_Life_(fairy_tale)" title="The Duration of Life (fairy tale)"&gt;German&lt;/a&gt;),
The Moles of the Princess 850 (&lt;a href="http://en.wikipedia.org/wiki/The_Clever_Little_Tailor" title="The Clever Little Tailor"&gt;German&lt;/a&gt;),
The Riddle of the Suitor 851 (&lt;a href="http://en.wikipedia.org/wiki/The_Riddle_(fairy_tale)" title="The Riddle (fairy tale)"&gt;German&lt;/a&gt;),
That is a lie! 852 (&lt;a href="http://en.wikipedia.org/wiki/Boots_Who_Made_the_Princess_Say%2C_%22That%27s_A_Story%22" title="Boots Who Made the Princess Say; 'That's A Story'"&gt;Norwegian&lt;/a&gt;),
Contest in Repartee 853,
The golden ram 854
&lt;li&gt;The Golden Goat 854A&lt;/li&gt;
,
The Princess in the Underground Cave 870 (&lt;a href="http://en.wikipedia.org/wiki/Maid_Maleen" title="Maid Maleen"&gt;German&lt;/a&gt;),
&lt;a href="http://en.wikipedia.org/wiki/Goose_Girl" title="Goose Girl" class="mw-redirect"&gt;The Goose girl&lt;/a&gt; 870A,
Brother; Sister and Sister-in-law 872,
The Clever Peasant girl 875 (&lt;a href="http://en.wikipedia.org/wiki/What_Is_the_Fastest_Thing_in_the_World%3F" title="What Is the Fastest Thing in the World?"&gt;Greek&lt;/a&gt;; &lt;a href="http://en.wikipedia.org/wiki/The_Peasant%27s_Wise_Daughter" title="The Peasant's Wise Daughter"&gt;German&lt;/a&gt;; &lt;a href="http://en.wikipedia.org/wiki/The_Wise_Little_Girl" title="The Wise Little Girl"&gt;Russian&lt;/a&gt;),
The wager on the wife's chastity 882,
The seducer punished 883B,
The forgotten fiancée 884 (&lt;a href="http://en.wikipedia.org/wiki/The_Two_Kings%27_Children" title="The Two Kings' Children"&gt;German&lt;/a&gt;; &lt;a href="http://en.wikipedia.org/wiki/The_True_Bride" title="The True Bride"&gt;German&lt;/a&gt;),
&lt;a href="http://en.wikipedia.org/wiki/Griselda_(folklore)" title="Griselda (folklore)"&gt;Griselda&lt;/a&gt; 887,
The Faithful Wife 888 (&lt;a href="http://en.wikipedia.org/wiki/The_Lute_Player" title="The Lute Player"&gt;Russian&lt;/a&gt;),
The Pound of Flesh 890 (cf. &lt;a href="http://en.wikipedia.org/wiki/Shakespeare" title="Shakespeare" class="mw-redirect"&gt;Shakespeare&lt;/a&gt;'s &lt;i&gt;&lt;a href="http://en.wikipedia.org/wiki/The_Merchant_of_Venice" title="The Merchant of Venice"&gt;The Merchant of Venice&lt;/a&gt;&lt;/i&gt;),
The Serpent in the Bosom 890A,
The children of the king 892,
The Daughter of the Sun 898 (&lt;a href="http://en.wikipedia.org/wiki/Maroula" title="Maroula"&gt;Greek&lt;/a&gt;),
&lt;a href="http://en.wikipedia.org/wiki/King_Thrushbeard" title="King Thrushbeard"&gt;King Thrushbeard&lt;/a&gt; 900,
Wise through experience 910A,
The servant's good counsels 910B,
The king and the abbot 922,
Loving the Salt 923 (&lt;a href="http://en.wikipedia.org/wiki/The_Goose-Girl_at_the_Well" title="The Goose-Girl at the Well"&gt;German&lt;/a&gt;; &lt;a href="http://en.wikipedia.org/wiki/Water_and_Salt" title="Water and Salt"&gt;Italian&lt;/a&gt;; &lt;a href="http://en.wikipedia.org/wiki/The_Dirty_Shepherdess" title="The Dirty Shepherdess"&gt;French&lt;/a&gt;; see also &lt;a href="http://en.wikipedia.org/wiki/King_Lear" title="King Lear"&gt;King Lear&lt;/a&gt;),
&lt;li&gt;Like wind in the hot sun 923A&lt;/li&gt;
,
Discussion by sign language 924,
&lt;a href="http://en.wikipedia.org/wiki/Judgment_of_Solomon" title="Judgment of Solomon"&gt;Judgment of Solomon&lt;/a&gt; 926,
Out-riddling the judge 927,
The Prediction 930 (&lt;a href="http://en.wikipedia.org/wiki/The_Devil_With_the_Three_Golden_Hairs" title="The Devil With the Three Golden Hairs"&gt;German&lt;/a&gt;; &lt;a href="http://en.wikipedia.org/wiki/The_Fish_and_the_Ring" title="The Fish and the Ring"&gt;English&lt;/a&gt;; &lt;a href="http://en.wikipedia.org/wiki/The_King_Who_Would_Be_Stronger_Than_Fate" title="The King Who Would Be Stronger Than Fate"&gt;Indian&lt;/a&gt;; &lt;a href="http://en.wikipedia.org/wiki/The_Story_of_Three_Wonderful_Beggars" title="The Story of Three Wonderful Beggars"&gt;Serbian/Russian&lt;/a&gt;),
&lt;a href="http://en.wikipedia.org/wiki/Oedipus" title="Oedipus"&gt;Oedipus&lt;/a&gt; 931,
Death on the Wedding 934B,
The Unhappy Princess 938A (&lt;a href="http://en.wikipedia.org/wiki/The_Ill-Fated_Princess" title="The Ill-Fated Princess"&gt;Greek&lt;/a&gt;),
The magic ball of thread 934E,
Rhampsinitus 950,
The King and the Soldier 952 (&lt;a href="http://en.wikipedia.org/wiki/The_Boots_of_Buffalo_Leather" title="The Boots of Buffalo Leather"&gt;German&lt;/a&gt;),
&lt;a href="http://en.wikipedia.org/wiki/The_Robber_Bridegroom_(fairy_tale)" title="The Robber Bridegroom (fairy tale)"&gt;The Robber Bridegroom&lt;/a&gt; 955,
The Sun Brings All to Light 960 (&lt;a href="http://en.wikipedia.org/wiki/The_Bright_Sun_Brings_it_to_Light" title="The Bright Sun Brings it to Light"&gt;German&lt;/a&gt;),
The girl who played with the bread 962,
The Wooden Bowl 980B (&lt;a href="http://en.wikipedia.org/wiki/The_Old_Man_and_his_Grandson" title="The Old Man and his Grandson"&gt;German&lt;/a&gt;),
The Killing of Old Men 981 (&lt;a href="http://en.wikipedia.org/wiki/How_the_Killing_of_the_Old_Men_Was_Stopped" title="How the Killing of the Old Men Was Stopped"&gt;Serbian&lt;/a&gt;),
Ungrateful Heirs 982 (&lt;a href="http://en.wikipedia.org/wiki/How_the_Daughter-in-Law_Got_the_Coins" title="How the Daughter-in-Law Got the Coins"&gt;Sri Lankan&lt;/a&gt;),
False Magician Exposed by Clever Girl 987 (&lt;a href="http://en.wikipedia.org/wiki/The_Beam_(tale)" title="The Beam (tale)"&gt;German&lt;/a&gt;),
Revived from Apparent Death by a Grave-Robber 990,
Bargain not to become angry 1000,
Dissipation of the ogre's property 1002,
Plowing 1003,
Hogs in the mud; sheep in the air 1004,
Building a bridge . . . 1005,
Casting eyes 1006,
Cleaning the child 1012,
The woman as cuckoo in the tree 1029,
Man and ogre share the harvest 1030 (&lt;a href="http://en.wikipedia.org/wiki/The_Peasant_and_the_Devil" title="The Peasant and the Devil"&gt;German&lt;/a&gt;),
Granary roof used as threshing flail 1031,
The ogre steals the Thunder's instruments (pipe; sack; etc.) 1148B,
The heavy axe 1049,
Felling trees 1050,
Springing with a Bent Tree 1051 (&lt;a href="http://en.wikipedia.org/wiki/The_Valiant_Little_Tailor" title="The Valiant Little Tailor"&gt;German&lt;/a&gt;),
A Contest in Carrying a Tree 1052 (&lt;a href="http://en.wikipedia.org/wiki/The_Valiant_Little_Tailor" title="The Valiant Little Tailor"&gt;German&lt;/a&gt;),
Squeezing Water from a Stone 1060 (&lt;a href="http://en.wikipedia.org/wiki/The_Valiant_Little_Tailor" title="The Valiant Little Tailor"&gt;German&lt;/a&gt;),
A Contest in Throwing Stones 1062 (&lt;a href="http://en.wikipedia.org/wiki/The_Valiant_Little_Tailor" title="The Valiant Little Tailor"&gt;German&lt;/a&gt;),
Throwing contest with the golden club 1063,
Contest in shrieking or whistling 1084,
Pushing a hole into a tree 1085,
Rowing contest 1087,
Eating contest 1088,
Contest in words 1093,
The tailor and the ogre in a sewing contest 1096 (&lt;a href="http://en.wikipedia.org/wiki/The_Tailor_Who_Sold_His_Soul_to_the_Devil" title="The Tailor Who Sold His Soul to the Devil"&gt;Mexican&lt;/a&gt;),
Attempting to Kill the Hero in His Bed 1115 (&lt;a href="http://en.wikipedia.org/wiki/The_Valiant_Little_Tailor" title="The Valiant Little Tailor"&gt;German&lt;/a&gt;),
Attempt at burning 1116,
The ogre's pitfall 1117,
Ogres Kill Their Own Children 1119 (&lt;a href="http://en.wikipedia.org/wiki/Sweetheart_Roland" title="Sweetheart Roland"&gt;German&lt;/a&gt;),
Ogre's wife killed through other tricks 1122,
The hot porridge in the ogre's throat 1131,
Making the ogre strong (by castration) 1133,
Eye-remedy 1135,
Self Did It 1137 (&lt;a href="http://en.wikipedia.org/wiki/My_Own_Self" title="My Own Self"&gt;English&lt;/a&gt;),
Wages: as much as he can carry 1153,
The gun as tobacco pipe 1157,
The ogre wants to look through the gun barrel in the smithy 1158,
The ogre in the haunted castle. Beard caught fast 1160,
The Bear Trainer and His Cat 1161 (&lt;a href="http://en.wikipedia.org/wiki/The_Cat_on_the_Dovrefjell" title="The Cat on the Dovrefjell"&gt;Norwegian&lt;/a&gt;),
The evil woman thrown into the pit 1164,
The troll and the christening 1165,
The ogre on the ship 1179,
With his whole heart 1186,
&lt;a href="http://en.wikipedia.org/wiki/Devil%27s_Bridge" title="Devil's Bridge"&gt;Devil's Bridge&lt;/a&gt; 1191,
The plowing 1201,
The man without a head in the bear's den 1225,
One woman to catch the squirrel; the other to get the cooking pot 1227,
Man sitting on branch of tree cuts it off 1240,
The tree is to be pulled down 1241,
Loading the wood 1242,
Carrying part of the load 1242A,
The wood is carried down the hill 1243,
Sunlight carried in a bag into the windowless house 1245,
A hole to throw the earth in 1255,
The porridge in the ice hole 1260,
Jumping into the sea for fish 1260,
Numskull strikes all the matches in order to try them 1260B,
Rowing without going forward 1276,
Marking the place on the boat 1278,
Burning the Barn to Destroy an Unknown Animal 1281 (&lt;a href="http://en.wikipedia.org/wiki/The_Owl_(fairy_tale)" title="The Owl (fairy tale)"&gt;German&lt;/a&gt;),
Pulling on the shirt 1285,
Numskull unable to count their own number 1287,
'These are not my feet' 1288,
Sending One Cheese After Another 1291 (&lt;a href="http://en.wikipedia.org/wiki/Frederick_and_Catherine" title="Frederick and Catherine"&gt;German&lt;/a&gt;),
A Fool Greases the Cracked Earth with Butter 1291B (&lt;a href="http://en.wikipedia.org/wiki/Frederick_and_Catherine" title="Frederick and Catherine"&gt;German&lt;/a&gt;),
Drowning the crayfish as punishment 1310,
The man takes seriously the prediction of death 1313A,
Other mistaken identities 1319,
Fools frightened 1321,
Moving the church 1326,
The loving wife 1350,
The silence wager 1351,
The old woman as troublemaker 1353,
Flight of the woman and her lover from the stable 1360B,
&lt;a href="http://en.wikipedia.org/wiki/Old_Hildebrand" title="Old Hildebrand"&gt;Old Hildebrand&lt;/a&gt; 1360C,
&lt;a href="http://en.wikipedia.org/wiki/The_Snow-child" title="The Snow-child"&gt;The Snow-child&lt;/a&gt; 1362,
The obstinate wife 1365,
The wife insults the husband as a lousy-head 1365C,
The faithless wife 1380,
The talkative wife and the discovered treasure 1381,
A Woman Does Not Know Herself 1383 (&lt;a href="http://en.wikipedia.org/wiki/Frederick_and_Catherine" title="Frederick and Catherine"&gt;German&lt;/a&gt;),
The husband hunts for three persons as stupid as his wife 1384,
A Woman Loses Her Husband's Money 1385 (&lt;a href="http://en.wikipedia.org/wiki/Frederick_and_Catherine" title="Frederick and Catherine"&gt;German&lt;/a&gt;),
Meat as food for cabbage 1386,
A Woman Draws Beer in the Cellar 1387 (&lt;a href="http://en.wikipedia.org/wiki/Frederick_and_Catherine" title="Frederick and Catherine"&gt;German&lt;/a&gt;),
Every hole to tell the truth 1391,
&lt;a href="http://en.wikipedia.org/wiki/The_Lazy_Spinner" title="The Lazy Spinner"&gt;The Lazy Spinner&lt;/a&gt; 1405,
The merry wives wager . . . 1406,
The man who does his wife's work 1408 (&lt;a href="http://en.wikipedia.org/wiki/The_Husband_Who_Was_to_Mind_the_House" title="The Husband Who Was to Mind the House"&gt;Norwegian&lt;/a&gt;),
Trading Away One's Fortune 1415 (&lt;a href="http://en.wikipedia.org/wiki/Hans_in_Luck" title="Hans in Luck"&gt;German&lt;/a&gt;; &lt;a href="http://en.wikipedia.org/wiki/Gudbrand_on_the_Hill-side" title="Gudbrand on the Hill-side"&gt;Norwegian&lt;/a&gt;),
The mouse in the silver jug. The new Eve 1416,
Air Castles 1430 (&lt;a href="http://en.wikipedia.org/wiki/Lazy_Henry" title="Lazy Henry"&gt;German&lt;/a&gt;; &lt;a href="http://en.wikipedia.org/wiki/The_Milkmaid_and_Her_Pail" title="The Milkmaid and Her Pail" class="mw-redirect"&gt;Aesop&lt;/a&gt;),
The contagious yawns 1431,
The tenant promises his daughter to his master against her will 1440,
&lt;a href="/w/index.php?title=Clever_Elsie&amp;action=edit&amp;redlink=1" class="new" title="Clever Elsie (page does not exist)"&gt;Clever Elsie&lt;/a&gt; 1450,
A suitor chooses the thrifty girl 1451 (&lt;a href="http://en.wikipedia.org/wiki/The_Hurds" title="The Hurds"&gt;German&lt;/a&gt;),
Choosing a Bride by How She Cuts Cheese 1452 (&lt;a href="http://en.wikipedia.org/wiki/Looking_for_a_Bride" title="Looking for a Bride"&gt;German&lt;/a&gt;),
Bride test: key in flax reveals laziness 1453
&lt;li&gt;The fast weaver 1453A&lt;/li&gt;
,
The greedy fiancee 1454,
The blind fiancée 1456,
The lisping maiden 1457,
The girl who ate so little 1458,
Keeping up appearances 1459,
The girl with the ugly name 1461,
The unwilling suitor advised from the tree 1462,
Clean and tidy 1462,
Good housekeeping 1464 C,
Nothing to cook 1464 D,
Marrying a stranger 1468,
Praying to the Statue's Mother 1476A (&lt;a href="http://en.wikipedia.org/wiki/The_Maid_of_Brakel" title="The Maid of Brakel"&gt;German&lt;/a&gt;),
The wolf steals the old maid 1477,
The daughter-in-law and the real daughter 1503,
The master thief 1525,
&lt;li&gt;Stealing the Count's Horse; Sheet; and Parson 1525A (&lt;a href="http://en.wikipedia.org/wiki/The_Master_Thief" title="The Master Thief"&gt;Norwegian&lt;/a&gt;),
The robber brothers 1525 R&lt;/li&gt;
,
The wise carving of the fowl 1533,
The Rich Peasant and the Poor Peasant 1535 (&lt;a href="http://en.wikipedia.org/wiki/The_Little_Peasant" title="The Little Peasant"&gt;German&lt;/a&gt;),
The woman in the chest 1536A,
The corpse killed five times 1537,
The youth cheated in selling oxen 1538,
Cleverness and gullibility 1539,
The student from Paradise (Paris) 1540,
For the long winter 1541,
The clever boy 1542,
The man without a member 1543,
The man who got a night's lodging 1544,
The boy with many names 1545,
&lt;a href="http://en.wikipedia.org/wiki/Stone_Soup" title="Stone Soup"&gt;Stone Soup&lt;/a&gt; 1548,
The sailor's promise 1553A,
Make-believe eating; make-believe work 1560,
The boy 'loses his sight' 1561,
Wife follows written instructions 1562B,
'Both' 1563,
The master and the servant at the table 1568,
Inspecting the daughter 1573,
The flattering foreman 1574,
The Pot that Died 1592B (&lt;a href="http://en.wikipedia.org/wiki/The_Pot_Bears_a_Son" title="The Pot Bears a Son"&gt;Uighur&lt;/a&gt;),
The fool as murderer 1600,
&lt;a href="http://en.wikipedia.org/wiki/The_Emperor%27s_New_Clothes" title="The Emperor's New Clothes"&gt;The Emperor's New Clothes&lt;/a&gt; 1620
&lt;li&gt;The conversation of the one-eyed man and the hunchback 1620&lt;/li&gt;
,
The learned son and the forgotten language 1628,
&lt;a href="http://en.wikipedia.org/wiki/Till_Eulenspiegel" title="Till Eulenspiegel"&gt;Eulenspiegel&lt;/a&gt;'s tricks 1635,
&lt;a href="http://en.wikipedia.org/wiki/The_Valiant_Little_Tailor" title="The Valiant Little Tailor"&gt;The Valiant Little Tailor&lt;/a&gt; 1640,
&lt;a href="http://en.wikipedia.org/wiki/Doctor_Know-all" title="Doctor Know-all"&gt;Doctor Know-all&lt;/a&gt; 1641 (&lt;a href="http://en.wikipedia.org/wiki/The_Charcoal_Burner" title="The Charcoal Burner"&gt;Norwegian&lt;/a&gt;; &lt;a href="http://en.wikipedia.org/wiki/Almondseed_and_Almondella" title="Almondseed and Almondella"&gt;Italian&lt;/a&gt;),
&lt;a href="http://en.wikipedia.org/wiki/Dick_Whittington_and_His_Cat" title="Dick Whittington and His Cat"&gt;Whittington's cat&lt;/a&gt; 1651,
The Robbers under the Tree 1653 (&lt;a href="http://en.wikipedia.org/wiki/Frederick_and_Catherine" title="Frederick and Catherine"&gt;German&lt;/a&gt;)
&lt;li&gt;Securing the Door 1653A (&lt;a href="http://en.wikipedia.org/wiki/Frederick_and_Catherine" title="Frederick and Catherine"&gt;German&lt;/a&gt;)&lt;/li&gt;
,
The profitable exchange 1655,
Two presents for the king 1689A (&lt;a href="http://en.wikipedia.org/wiki/The_Turnip_(fairy_tale)" title="The Turnip (fairy tale)"&gt;German&lt;/a&gt;),
The ox (ass) as mayor 1675,
The boy who had never seen a woman 1678,
Foolish man builds aircastles 1681,
The groom teaches his horse to live without food 1682,
The forgotten word 1687,
Two match-makers 1688B,
Thank God They Weren't Peaches 1689 (&lt;a href="http://en.wikipedia.org/wiki/Thank_God_It_Wasn%27t_A_Peso" title="Thank God It Wasn't A Peso"&gt;Mexican&lt;/a&gt;),
What Should I Have Said? 1696 (&lt;a href="http://en.wikipedia.org/wiki/Going_a_Traveling" title="Going a Traveling"&gt;German&lt;/a&gt;),
Misunderstood words lead to comic results 1698G,
'Good day;' - 'a woodshopper' 1698J,
The buyer and the deaf seller 1698K,
Echo answers 1701,
God can't take a joke 1718,
The foolish parson in the trunk 1725,
The entrapped suitors 1730,
'Who gives his own goods shall receive it back tenfold' 1735 (&lt;a href="http://en.wikipedia.org/wiki/God_Gives_a_Hundred_for_One" title="God Gives a Hundred for One"&gt;Mexican&lt;/a&gt;),
The stingy parson 1736,
Trading Places with the Trickster in a Sack 1737 (&lt;a href="http://en.wikipedia.org/wiki/The_Little_Peasant" title="The Little Peasant"&gt;German&lt;/a&gt;; &lt;a href="http://en.wikipedia.org/wiki/The_Turnip_(fairy_tale)" title="The Turnip (fairy tale)"&gt;German&lt;/a&gt;),
What does God do? 1738A,
The parson and the calf 1739,
Three words at the grave 1745,
The hungry parson 1775,
The sexton falls into the brewing-vat 1776,
The sexton carries the parson 1791 (&lt;a href="http://en.wikipedia.org/wiki/Frederick_and_Catherine" title="Frederick and Catherine"&gt;German&lt;/a&gt;),
The stingy parson and the slaughtered pig 1792,
Imagined penance for imagined sin 1804
&lt;li&gt;The eel filled with sand 1804&lt;/li&gt;
,
Jokes about catechism 1810,
&lt;li&gt;How many gods are there? 1810A&lt;/li&gt;
,
The patience of Job 1811B,
Parody sermon 1824,
The parson drunk 1825A,
The sawed pulpit 1825C,
You shall see me a little while longer 1827,
Cards (liquor bottle) fall from the sleeve of the preacher 1827A,
In trial sermon the parson promises the laymen the kind of weather they want 1830,
The sermon about the rich man 1832,
&lt;li&gt;Boy answers the priest 1832,
&lt;li&gt;How many sacraments are there? 1832D&lt;/li&gt;
&lt;/li&gt;
,
Application of the sermon 1833
&lt;li&gt;God died for you 1833E,
Other anecdotes of sermons 1833&lt;/li&gt;
,
The clergyman with the fine voice 1834,
Not to turn round 1835,
The drunken parson: 'Do not live as I live; but as I preach' 1836A,
The hog in church 1838,
At the blessing of the grave the parson's ox breaks loose 1840,
Grace before meat 1841,
Parson visits the dying 1843,
No time for sickness 1844A,
The student as healer 1845,
Hunter turns animal inside out 1889B,
Man swallowed by fish 1889G,
The lucky shot 1890 (&lt;a href="http://en.wikipedia.org/wiki/Sir_Gammer_Vans" title="Sir Gammer Vans"&gt;English&lt;/a&gt;),
Ramrod shot plus series of lucky accidents 1890D,
The man shoots a ramrod full of ducks 1894,
A man wading in water catching many fish in his boots 1895,
Hunting the wolves with rod and line 1896,
Contest in lying 1920,
Wishing contests 1925,
The woman who asked for news from home 1931,
Too much talk 1948,
The three lazy ones 1950,
The great ox 1960A,
The great fish 1960B,
The great catch of fish 1960C,
The Giant Vegetable 1960D (&lt;a href="http://en.wikipedia.org/wiki/The_Turnip_(fairy_tale)" title="The Turnip (fairy tale)"&gt;German&lt;/a&gt;),
The great farmhouse 1960E,
The great tree 1960G,
The great ship 1960H,
The great loaf of bread 1960K,
The great insect 1960M,
Other stories of great objects and the like 1960Z,
The big wedding 1961,
Lying tales 1965 (&lt;a href="http://en.wikipedia.org/wiki/Sir_Gammer_Vans" title="Sir Gammer Vans"&gt;English&lt;/a&gt;),
How the rich man paid his servant 2010I,
The house is burned down 2014A,
The goat that would not go home 2015,
&lt;a href="http://en.wikipedia.org/wiki/Fair_Katrinelje_and_Pif-Paf-Poltrie" title="Fair Katrinelje and Pif-Paf-Poltrie"&gt;Fair Katrinelje and Pif-Paf-Poltrie&lt;/a&gt; 2019,
The cock and the hen 2021,
An Animal Mourns the Death of a Spouse 2022 (&lt;a href="http://en.wikipedia.org/wiki/The_Louse_and_the_Flea" title="The Louse and the Flea"&gt;German&lt;/a&gt;),
The Fleeing Pancake 2025 (&lt;a href="http://en.wikipedia.org/wiki/The_Gingerbread_Boy" title="The Gingerbread Boy" class="mw-redirect"&gt;American&lt;/a&gt;; &lt;a href="http://en.wikipedia.org/wiki/Kolobok" title="Kolobok"&gt;Russian&lt;/a&gt;),
The fat cat 2027,
The Old Woman and Her Pig 2030,
&lt;a href="http://en.wikipedia.org/wiki/The_Sky_Is_Falling_(fable)" title="The Sky Is Falling (fable)" class="mw-redirect"&gt;The Sky Is Falling&lt;/a&gt; 2033,
&lt;a href="http://en.wikipedia.org/wiki/This_Is_the_House_That_Jack_Built" title="This Is the House That Jack Built"&gt;This Is the House That Jack Built&lt;/a&gt; 2035,
The Mouse Who Was to Marry the Sun 2031C (&lt;a href="http://en.wikipedia.org/wiki/The_Husband_of_the_Rat%27s_Daughter" title="The Husband of the Rat's Daughter"&gt;Japanese&lt;/a&gt;; &lt;a href="http://en.wikipedia.org/wiki/The_Mouse_Turned_into_a_Maid" title="The Mouse Turned into a Maid"&gt;Indian&lt;/a&gt;),
Pulling up the turnip 2044,
Tales in which animals talk 2075,
Unfinished tales 2250 (&lt;a href="http://en.wikipedia.org/wiki/The_Golden_Key_(Grimm%27s_Fairy_Tales)" title="The Golden Key (Grimm's Fairy Tales)"&gt;German&lt;/a&gt;),
&lt;a href="http://en.wikipedia.org/wiki/Round_(music)" title="Round (music)"&gt;Rounds&lt;/a&gt; 2320
